"fine_grained_phenotyping_id","plant_phenotyping_id","node_sideshoot_location","panicle_location","bud_small_num","bud_big_num","bud_opened_num","flower_blooming_num","flower_wilted_num","fruit_nascent_num","fruit_small_num","fruit_bigger_num","fruit_ripe_num","panicle_leaf_num","pheno_date"
"58",17,"9","a",1,0,0,5,0,1,0,0,0,0,"2023-08-16"
"79",21,"11.1","a",2,0,0,0,0,0,0,0,0,0,"2023-08-16"
"125",46,"8","a",0,0,1,2,4,0,0,0,0,0,"2023-09-12"
"126",46,"11","a",3,1,0,2,0,0,0,0,0,0,"2023-09-12"
"128",47,"9","a",0,0,0,2,4,0,0,0,0,0,"2023-09-12"
"129",47,"12","a",0,1,2,3,0,0,0,0,0,0,"2023-09-12"
"130",47,"15","a",4,1,2,0,0,0,0,0,0,0,"2023-09-12"
"131",48,"10","a",0,0,1,3,3,0,0,0,0,0,"2023-09-12"
"90",27,"9","a",2,1,1,1,0,0,0,0,0,0,"2023-09-04"
"132",48,"13","a",0,2,3,0,0,0,0,0,0,0,"2023-09-12"
"80",22,"10","a",2,3,2,0,0,0,0,0,0,0,"2023-09-04"
"134",49,"14","a",2,0,0,2,0,0,0,0,0,0,"2023-09-12"
"54",16,"10","a",3,0,0,5,0,0,0,0,0,0,"2023-08-16"
"55",16,"13","a",4,0,0,5,0,0,0,0,0,0,"2023-08-16"
"135",49,"18","a",4,1,0,1,0,0,0,0,0,0,"2023-09-12"
"66",18,"9.1","a",11,0,0,4,0,0,0,0,0,0,"2023-08-16"
"72",20,"13","a",1,0,0,5,0,0,0,0,0,0,"2023-08-16"
"73",20,"16","a",9,0,0,1,0,0,0,0,0,0,"2023-08-16"
"74",20,"9.1","a",6,0,0,0,0,0,0,0,0,0,"2023-08-16"
"75",21,"9","a",4,0,0,5,0,0,0,0,0,0,"2023-08-16"
"76",21,"13","a",4,0,0,6,0,0,0,0,0,0,"2023-08-16"
"77",21,"15","a",5,0,0,0,0,0,0,0,0,0,"2023-08-16"
"43",13,"12","a",3,0,0,4,0,0,0,0,0,0,"2023-08-16"
"17",5,"15","a",6,0,0,0,0,0,0,0,0,0,"2023-08-16"
"18",5,"7.1","a",7,0,0,0,0,0,0,0,0,0,"2023-08-16"
"141",51,"11","a",3,2,1,0,0,0,0,0,0,0,"2023-09-12"
"246",103,"10.1","a",0,0,0,0,0,2,0,5,0,0,"2023-09-25"
"247",103,"13.1","a",0,0,0,0,2,1,0,4,0,0,"2023-09-25"
"248",104,"10.1","a",0,0,0,0,0,1,0,2,0,0,"2023-09-25"
"249",104,"13.1","a",0,0,0,0,0,1,0,3,0,0,"2023-09-25"
"250",105,"9.1","a",0,0,0,0,0,4,0,0,0,0,"2023-09-25"
"251",105,"12.1","A",0,0,0,0,2,2,0,0,0,0,"2023-09-25"
"252",106,"13.1","A",0,0,0,0,0,2,0,2,0,0,"2023-09-25"
"253",107,"7.1","A",0,0,0,0,0,0,0,0,0,0,"2023-09-25"
"254",107,"10.1","A",0,0,0,0,0,0,0,3,0,0,"2023-09-25"
"82",23,"10","a",2,2,0,0,0,0,0,0,0,0,"2023-09-04"
"86",25,"10","a",2,1,0,0,0,0,0,0,0,0,"2023-09-04"
"88",26,"10","a",4,1,0,0,0,0,0,0,0,0,"2023-09-04"
"81",22,"14","a",4,0,0,0,0,0,0,0,0,0,"2023-09-04"
"83",23,"13","a",4,0,0,0,0,0,0,0,0,0,"2023-09-04"
"84",24,"10","a",3,0,0,0,0,0,0,0,0,0,"2023-09-04"
"255",108,"9.1","A",0,0,0,0,0,0,0,3,0,0,"2023-09-25"
"256",108,"9.2","A",0,0,0,0,0,3,0,1,0,0,"2023-09-25"
"257",109,"11.1","a",0,0,0,0,0,4,0,3,0,0,"2023-09-25"
"258",109,"14.1","a",0,0,0,0,0,2,0,3,0,0,"2023-09-25"
"259",110,"11.1","a",0,0,0,0,0,5,0,1,0,0,"2023-09-25"
"260",110,"14.1","A",0,2,0,0,0,1,0,4,0,0,"2023-09-25"
"261",111,"10.1","a",0,0,0,0,0,2,0,2,0,0,"2023-09-25"
"124",45,"15","a",4,2,0,0,0,0,0,0,0,0,"2023-09-12"
"262",111,"14.1","A",0,0,0,0,2,0,0,1,0,0,"2023-09-25"
"263",112,"11.1","A",0,0,0,0,0,2,0,1,0,0,"2023-09-25"
"127",46,"15","a",3,2,0,0,0,0,0,0,0,0,"2023-09-12"
"264",112,"14.1","a",0,0,0,0,1,2,0,0,0,0,"2023-09-25"
"265",113,"15.1","a",2,0,0,0,0,0,0,0,0,0,"2023-09-25"
"166",62,"10.1","A",0,0,0,0,1,1,0,5,0,0,"2023-09-21"
"266",114,"11.1","a",0,0,0,0,2,1,0,2,0,0,"2023-09-25"
"267",114,"14.1","a",0,0,0,0,0,4,0,0,0,0,"2023-09-25"
"133",48,"16","a",3,0,0,0,0,0,0,0,0,0,"2023-09-12"
"268",115,"10.1","a",0,0,0,0,0,1,0,2,0,0,"2023-09-25"
"269",115,"13.1","a",0,0,0,0,0,3,0,3,0,0,"2023-09-25"
"136",49,"22","a",4,0,0,0,0,0,0,0,0,0,"2023-09-12"
"167",62,"13.1","a",0,0,0,0,2,1,0,4,0,0,"2023-09-21"
"71",20,"10","a",1,0,0,5,0,1,0,0,0,0,"2023-08-16"
"67",19,"9","a",0,0,0,4,0,2,0,0,0,0,"2023-08-16"
"42",13,"8","a",0,0,0,5,0,1,0,0,0,0,"2023-08-16"
"28",9,"9","a",1,0,0,5,0,1,0,0,0,0,"2023-08-16"
"78",21,"8.1","a",3,0,0,3,0,0,0,0,0,0,"2023-08-16"
"64",18,"12","a",5,0,0,7,0,0,0,0,0,0,"2023-08-16"
"65",18,"8.1","a",4,0,0,0,0,0,0,0,0,0,"2023-08-16"
"68",19,"12","a",2,0,0,5,0,0,0,0,0,0,"2023-08-16"
"69",19,"15","a",1,0,0,6,0,0,0,0,0,0,"2023-08-16"
"26",8,"11","a",3,0,0,4,0,0,0,0,0,0,"2023-08-16"
"27",8,"14","a",6,0,0,1,0,0,0,0,0,0,"2023-08-16"
"30",9,"15","a",11,0,0,0,0,0,0,0,0,0,"2023-08-16"
"31",9,"8.1","a",6,0,0,3,0,0,0,0,0,0,"2023-08-16"
"32",10,"10","a",0,0,0,6,0,0,0,0,0,0,"2023-08-16"
"33",10,"13","a",2,0,0,4,0,0,0,0,0,0,"2023-08-16"
"34",10,"9.1","a",6,0,0,0,0,0,0,0,0,0,"2023-08-16"
"35",11,"9","a",4,0,0,0,0,0,0,0,0,0,"2023-08-16"
"36",11,"12","a",3,0,0,0,0,0,0,0,0,0,"2023-08-16"
"270",116,"9.1","a",0,0,0,0,0,5,0,2,0,0,"2023-09-25"
"271",116,"12.1","A",0,0,0,0,0,2,0,0,0,0,"2023-09-25"
"272",117,"10.1","a",0,0,0,0,1,4,0,3,0,0,"2023-09-25"
"155",57,"11","a",0,1,0,1,3,0,0,0,0,0,"2023-09-12"
"157",58,"9","a",0,0,0,0,3,2,0,0,0,0,"2023-09-12"
"158",58,"12","a",1,2,2,2,0,0,0,0,0,0,"2023-09-12"
"87",25,"12","a",4,0,0,0,0,0,0,0,0,0,"2023-09-04"
"97",30,"9","a",3,1,0,0,0,0,0,0,0,0,"2023-09-04"
"95",29,"14","a",3,0,0,0,0,0,0,0,0,0,"2023-09-04"
"96",29,"9.1","a",3,0,0,0,0,0,0,0,0,0,"2023-09-04"
"98",30,"13","a",3,0,0,0,0,0,0,0,0,0,"2023-09-04"
"99",31,"9","a",5,0,0,0,0,0,0,0,0,0,"2023-09-04"
"100",32,"9","a",4,0,0,0,0,0,0,0,0,0,"2023-09-04"
"273",118,"14.1","A",0,0,0,0,0,3,0,2,0,0,"2023-09-25"
"274",119,"10.1","a",0,0,0,0,0,3,0,3,0,0,"2023-09-25"
"275",119,"13.1","a",0,0,0,0,0,3,0,0,0,0,"2023-09-25"
"276",120,"9.1","a",0,0,0,0,1,1,0,3,0,0,"2023-09-25"
"277",120,"11.1","a",1,0,0,0,0,6,0,3,0,0,"2023-09-25"
"152",55,"0","a",0,0,0,0,0,0,0,0,0,0,"2023-09-12"
"37",11,"14","a",3,0,0,0,0,0,0,0,0,0,"2023-08-16"
"38",11,"7.1","a",4,0,0,0,0,0,0,0,0,0,"2023-08-16"
"39",12,"10","a",2,0,0,5,0,0,0,0,0,0,"2023-08-16"
"40",12,"13","a",3,0,0,4,0,0,0,0,0,0,"2023-08-16"
"41",12,"9.1","a",8,0,0,0,0,0,0,0,0,0,"2023-08-16"
"47",14,"8","a",0,0,0,7,0,0,0,0,0,0,"2023-08-16"
"70",19,"8.1","a",2,0,0,3,0,0,0,0,0,0,"2023-08-16"
"278",121,"9.1","a",0,0,0,0,0,4,0,5,0,0,"2023-09-25"
"20",6,"12","a",2,0,0,3,0,0,0,0,0,0,"2023-08-16"
"21",6,"15","a",6,0,0,0,0,0,0,0,0,0,"2023-08-16"
"22",6,"5.1","a",4,0,0,0,0,0,0,0,0,0,"2023-08-16"
"23",7,"10","a",1,0,0,6,0,0,0,0,0,0,"2023-08-16"
"24",7,"13","a",2,0,0,4,0,0,0,0,0,0,"2023-08-16"
"25",7,"9.1","a",6,0,0,0,0,0,0,0,0,0,"2023-08-16"
"159",58,"16","a",2,0,0,0,0,0,0,0,0,0,"2023-09-12"
"29",9,"12","a",8,0,0,5,0,0,0,0,0,0,"2023-08-16"
"279",121,"12.1","A",0,0,0,0,0,0,0,3,0,0,"2023-09-25"
"156",57,"16","a",4,2,0,0,0,0,0,0,0,0,"2023-09-12"
"280",121,"12.2","A",1,0,0,0,1,0,0,0,0,0,"2023-09-25"
"281",122,"10.1","a",0,0,0,0,0,2,0,4,0,0,"2023-09-25"
"282",122,"13.1","a",0,0,0,0,0,0,0,0,0,0,"2023-09-25"
"283",123,"10.1","a",0,0,0,0,0,3,0,2,1,0,"2023-09-25"
"284",123,"14.1","A",6,0,0,0,2,7,1,1,0,12,"2023-09-25"
"1",1,"9","a",1,0,0,4,0,2,0,0,0,0,"2023-08-16"
"85",24,"11","a",4,0,0,0,0,0,0,0,0,0,"2023-09-04"
"101",32,"12","a",5,0,0,0,0,0,0,0,0,0,"2023-09-04"
"102",33,"10","a",3,0,0,0,0,0,0,0,0,0,"2023-09-04"
"103",33,"13","a",4,0,0,0,0,0,0,0,0,0,"2023-09-04"
"89",26,"12","a",4,0,0,0,0,0,0,0,0,0,"2023-09-04"
"104",34,"10","a",4,0,0,0,0,0,0,0,0,0,"2023-09-04"
"105",35,"10","a",5,0,0,0,0,0,0,0,0,0,"2023-09-04"
"91",27,"13","a",5,0,0,0,0,0,0,0,0,0,"2023-09-04"
"92",28,"11","a",5,0,0,0,0,0,0,0,0,0,"2023-09-04"
"93",28,"13","a",4,0,0,0,0,0,0,0,0,0,"2023-09-04"
"94",29,"9","a",2,0,0,0,0,0,0,0,0,0,"2023-09-04"
"44",13,"14","a",0,0,0,5,0,0,0,0,0,0,"2023-08-16"
"45",13,"9.1","a",18,0,0,0,0,0,0,0,0,0,"2023-08-16"
"46",13,"12.1","a",3,0,0,4,0,0,0,0,0,0,"2023-08-16"
"48",14,"11","a",3,0,0,2,0,0,0,0,0,0,"2023-08-16"
"2",1,"12","a",3,0,0,4,0,0,0,0,0,0,"2023-08-16"
"3",1,"15","a",8,0,0,0,0,0,0,0,0,0,"2023-08-16"
"4",1,"8.1","a",8,0,0,0,0,0,0,0,0,0,"2023-08-16"
"5",2,"9","a",0,0,0,5,0,0,0,0,0,0,"2023-08-16"
"6",2,"12","a",3,0,0,3,0,0,0,0,0,0,"2023-08-16"
"7",2,"15","a",5,0,0,0,0,0,0,0,0,0,"2023-08-16"
"8",2,"17","a",4,0,0,0,0,0,0,0,0,0,"2023-08-16"
"9",3,"9","a",1,0,0,6,0,0,0,0,0,0,"2023-08-16"
"10",3,"12","a",6,0,0,2,0,0,0,0,0,0,"2023-08-16"
"11",4,"9","a",0,0,0,5,0,0,0,0,0,0,"2023-08-16"
"150",54,"13","a",0,2,2,0,0,0,0,0,0,0,"2023-09-12"
"139",50,"17","a",6,2,0,0,0,0,0,0,0,0,"2023-09-12"
"142",51,"13","a",6,0,0,0,0,0,0,0,0,0,"2023-09-12"
"154",57,"9","a",0,1,1,1,3,1,0,0,0,0,"2023-09-12"
"145",52,"15","a",4,3,0,0,0,0,0,0,0,0,"2023-09-12"
"151",54,"14","a",4,0,0,0,0,0,0,0,0,0,"2023-09-12"
"12",4,"12","a",4,0,0,2,0,0,0,0,0,0,"2023-08-16"
"13",4,"15","a",4,0,0,0,0,0,0,0,0,0,"2023-08-16"
"14",4,"7.1","a",8,0,0,0,0,0,0,0,0,0,"2023-08-16"
"15",5,"8","a",0,0,0,5,0,0,0,0,0,0,"2023-08-16"
"16",5,"11","a",2,0,0,4,0,0,0,0,0,0,"2023-08-16"
"148",53,"16","a",3,4,0,0,0,0,0,0,0,0,"2023-09-12"
"153",56,"0","a",0,0,0,0,0,0,0,0,0,0,"2023-09-12"
"137",50,"9","a",0,1,0,3,4,0,0,0,0,0,"2023-09-12"
"138",50,"14","a",2,2,0,1,0,0,0,0,0,0,"2023-09-12"
"140",51,"8","a",3,0,0,1,3,0,0,0,0,0,"2023-09-12"
"143",52,"9","a",0,0,0,2,2,2,0,0,0,0,"2023-09-12"
"144",52,"12","a",3,2,1,3,0,0,0,0,0,0,"2023-09-12"
"146",53,"10","a",1,0,0,2,4,0,0,0,0,0,"2023-09-12"
"147",53,"14","a",0,2,2,2,0,0,0,0,0,0,"2023-09-12"
"149",54,"10","a",0,0,0,4,3,0,0,0,0,0,"2023-09-12"
"165",61,"12","a",3,1,2,0,0,0,0,0,0,0,"2023-09-12"
"19",6,"9","a",0,0,0,5,0,0,0,0,0,0,"2023-08-16"
"49",14,"7.1","a",4,0,0,2,0,0,0,0,0,0,"2023-08-16"
"50",15,"8","a",1,0,0,7,0,0,0,0,0,0,"2023-08-16"
"51",15,"11","a",1,0,0,6,0,0,0,0,0,0,"2023-08-16"
"52",15,"14","a",8,0,0,0,0,0,0,0,0,0,"2023-08-16"
"53",15,"8.1","a",3,0,0,3,0,0,0,0,0,0,"2023-08-16"
"56",16,"15","a",4,0,0,0,0,0,0,0,0,0,"2023-08-16"
"57",16,"9.1","a",2,0,0,5,0,0,0,0,0,0,"2023-08-16"
"59",17,"12","a",1,0,0,5,0,0,0,0,0,0,"2023-08-16"
"60",17,"15","a",9,0,0,0,0,0,0,0,0,0,"2023-08-16"
"61",17,"8.1","a",2,0,0,3,0,0,0,0,0,0,"2023-08-16"
"62",17,"11.1","a",7,0,0,0,0,0,0,0,0,0,"2023-08-16"
"63",18,"10","a",0,0,0,2,0,0,0,0,0,0,"2023-08-16"
"223",91,"9","a",0,0,0,1,5,3,2,0,0,0,"2023-09-21"
"224",91,"14","a",0,2,1,3,0,2,0,0,0,0,"2023-09-21"
"225",92,"9","a",6,4,0,0,0,0,0,0,0,0,"2023-09-21"
"226",92,"15","a",0,0,0,0,3,0,1,2,0,0,"2023-09-21"
"227",93,"9","a",0,0,0,0,3,0,1,2,0,0,"2023-09-21"
"228",93,"12","A",1,2,0,3,3,0,0,0,0,1,"2023-09-21"
"229",94,"9","A",0,0,0,0,1,3,1,0,0,1,"2023-09-21"
"230",94,"12","a",0,0,1,1,3,0,0,0,0,0,"2023-09-21"
"231",95,"10","a",1,0,0,0,5,0,0,1,0,0,"2023-09-21"
"232",95,"13","A",3,3,0,2,2,0,0,0,0,7,"2023-09-21"
"233",96,"0","a",0,0,0,0,0,0,0,0,0,0,"2023-09-21"
"234",97,"8","a",0,0,1,1,0,5,0,1,0,0,"2023-09-21"
"235",97,"15","a",4,1,0,0,0,0,0,1,0,0,"2023-09-21"
"236",98,"11","A",0,0,0,1,2,0,0,1,0,1,"2023-09-21"
"237",98,"16","a",2,3,0,3,0,0,0,0,0,0,"2023-09-21"
"238",99,"9","a",0,0,0,0,0,2,1,2,0,0,"2023-09-21"
"239",99,"12","a",0,2,0,2,3,0,0,0,0,0,"2023-09-21"
"240",100,"9","a",0,2,0,0,0,3,1,0,0,0,"2023-09-21"
"241",100,"12","a",0,0,0,3,0,0,0,0,0,0,"2023-09-21"
"242",101,"9","A",0,1,2,1,7,0,0,0,0,7,"2023-09-21"
"243",101,"12","A",0,8,1,3,3,0,0,0,0,2,"2023-09-21"
"244",102,"9","a",0,0,0,0,4,1,0,0,0,0,"2023-09-21"
"245",102,"12","a",0,2,0,1,1,0,0,0,0,0,"2023-09-21"
"121",44,NULL,"a",NULL,NULL,NULL,NULL,NULL,NULL,NULL,NULL,NULL,NULL,"2023-09-12"
"115",42,"9","a",0,0,0,3,4,1,0,0,0,0,"2023-09-12"
"116",42,"13","a",2,1,0,3,0,0,0,0,0,0,"2023-09-12"
"118",43,"8","a",0,0,0,2,3,0,0,0,0,0,"2023-09-12"
"119",43,"11","a",0,2,2,2,0,0,0,0,0,0,"2023-09-12"
"120",43,"14","a",5,2,0,0,0,0,0,0,0,0,"2023-09-12"
"122",45,"9","a",2,0,0,2,4,0,0,0,0,0,"2023-09-12"
"123",45,"12","a",4,0,1,2,0,0,0,0,0,0,"2023-09-12"
"160",59,"9","a",2,0,2,3,0,0,0,0,0,0,"2023-09-12"
"162",60,"9","a",1,2,0,2,1,0,0,0,0,0,"2023-09-12"
"163",60,"12","a",3,2,1,0,0,0,0,0,0,0,"2023-09-12"
"164",61,"9","a",0,0,0,5,2,0,0,0,0,0,"2023-09-12"
"330",142,"14.2","A",0,4,2,4,0,0,0,0,0,0,"2023-09-25"
"331",143,"10.1","a",1,3,0,0,3,1,2,0,0,0,"2023-09-25"
"332",143,"13.1","a",1,0,0,0,4,1,0,0,0,0,"2023-09-25"
"401",176,"14.1","a",0,0,0,1,0,3,0,2,0,0,"2023-09-28"
"402",177,"10.1","a",0,0,0,0,4,0,1,1,0,0,"2023-09-28"
"403",177,"14.1","A",1,0,0,0,1,0,3,0,0,3,"2023-09-28"
"404",177,"14.2","A",2,1,3,1,2,0,0,0,0,5,"2023-09-28"
"405",178,"0","0",0,0,0,0,0,0,0,0,0,0,"2023-09-28"
"406",179,"10.1","A",0,0,0,1,0,4,2,1,0,3,"2023-09-28"
"407",179,"17.1","A",3,5,0,0,0,0,0,0,0,1,"2023-09-28"
"408",180,"12.1","A",0,0,0,0,0,1,1,2,0,0,"2023-09-28"
"409",180,"18.1","a",1,3,1,4,0,1,0,0,0,2,"2023-09-28"
"410",181,"9.1","A",0,0,0,0,0,0,2,1,0,1,"2023-09-28"
"411",181,"13.1","a",0,2,0,0,0,0,0,0,0,0,"2023-09-28"
"412",182,"10.1","a",1,0,0,0,1,3,0,1,0,0,"2023-09-28"
"413",182,"13.1","a",0,0,0,0,2,0,0,1,0,0,"2023-09-28"
"414",183,"11.1","A",0,0,0,2,2,5,2,1,0,8,"2023-09-28"
"415",183,"14.1","A",0,2,4,3,0,4,2,0,0,0,"2023-09-28"
"416",184,"10.1","a",0,0,0,0,4,0,1,1,0,0,"2023-09-28"
"417",184,"13.1","a",0,3,1,0,2,1,0,0,0,0,"2023-09-28"
"418",185,"0","0",0,0,0,0,0,0,0,0,0,0,"2023-09-28"
"419",186,"0","0",0,0,0,0,0,0,0,0,0,0,"2023-09-28"
"420",187,"0","0",0,0,0,0,0,0,0,0,0,0,"2023-09-28"
"421",188,"0","0",0,0,0,0,0,0,0,0,0,0,"2023-09-28"
"422",189,"0","0",0,0,0,0,0,0,0,0,0,0,"2023-09-28"
"423",190,"0","0",0,0,0,0,0,0,0,0,0,0,"2023-09-28"
"424",191,"0","0",0,0,0,0,0,0,0,0,0,0,"2023-09-28"
"425",192,"0","0",0,0,0,0,0,0,0,0,0,0,"2023-09-28"
"426",193,"0","0",0,0,0,0,0,0,0,0,0,0,"2023-09-28"
"427",194,"0","0",0,0,0,0,0,0,0,0,0,0,"2023-09-28"
"117",42,"16","a",3,2,0,0,0,0,0,0,0,0,"2023-09-12"
"428",195,"0","0",0,0,0,0,0,0,0,0,0,0,"2023-09-28"
"429",196,"0","0",0,0,0,0,0,0,0,0,0,0,"2023-09-28"
"430",197,"0","0",0,0,0,0,0,0,0,0,0,0,"2023-09-28"
"431",198,"0","0",0,0,0,0,0,0,0,0,0,0,"2023-09-28"
"432",199,"0","0",0,0,0,0,0,0,0,0,0,0,"2023-09-28"
"433",200,"0","0",0,0,0,0,0,0,0,0,0,0,"2023-09-28"
"161",59,"12","a",0,3,0,0,0,0,0,0,0,0,"2023-09-12"
"434",201,"0","0",0,0,0,0,0,0,0,0,0,0,"2023-09-28"
"435",202,"0","0",0,0,0,0,0,0,0,0,0,0,"2023-09-28"
"106",36,"10","a",4,2,0,0,0,0,0,0,0,0,"2023-09-04"
"107",37,"11","a",4,0,0,0,0,0,0,0,0,0,"2023-09-04"
"108",38,"9","a",3,0,0,0,0,0,0,0,0,0,"2023-09-04"
"109",39,"9","a",3,0,0,0,0,0,0,0,0,0,"2023-09-04"
"110",39,"12","a",3,0,0,0,0,0,0,0,0,0,"2023-09-04"
"111",40,"10","a",4,0,0,0,0,0,0,0,0,0,"2023-09-04"
"112",40,"14","a",5,0,0,0,0,0,0,0,0,0,"2023-09-04"
"113",41,"9","a",4,0,0,0,0,0,0,0,0,0,"2023-09-04"
"114",41,"11","a",4,0,0,0,0,0,0,0,0,0,"2023-09-04"
"285",124,"9.1","a",0,0,0,0,1,3,0,3,0,0,"2023-09-25"
"286",124,"13.1","a",0,1,0,2,0,3,1,0,0,0,"2023-09-25"
"287",125,"10.1","A",0,0,0,0,1,2,0,2,0,0,"2023-09-25"
"288",125,"13.1","a",0,2,1,0,4,0,0,0,0,1,"2023-09-25"
"289",126,"0","A",0,0,0,0,0,0,0,0,0,0,"2023-09-25"
"290",127,"10.1","a",0,0,0,0,0,5,0,1,0,0,"2023-09-25"
"291",127,"13.1","a",0,3,0,1,2,1,0,0,0,1,"2023-09-25"
"292",128,"10.1","A",0,0,0,0,4,1,1,1,0,0,"2023-09-25"
"293",128,"13.1","A",0,0,0,2,2,2,0,0,0,3,"2023-09-25"
"294",128,"13.2","A",4,0,0,0,0,0,0,0,0,1,"2023-09-25"
"295",129,"10.1","A",0,0,0,0,6,0,0,0,0,5,"2023-09-25"
"296",129,"10.2","A",0,2,1,0,0,0,0,0,0,1,"2023-09-25"
"297",129,"13.1","a",0,4,0,0,4,0,0,1,0,1,"2023-09-25"
"298",130,"11.1","a",0,0,0,0,1,1,3,2,0,0,"2023-09-25"
"299",130,"14.1","A",0,0,0,1,2,0,0,0,0,2,"2023-09-25"
"300",130,"14.2","A",0,0,1,2,0,0,0,0,0,0,"2023-09-25"
"301",131,"16.1","a",1,1,0,0,2,0,1,0,0,0,"2023-09-25"
"302",131,"20.1","A",2,1,0,0,2,0,0,0,0,1,"2023-09-25"
"303",132,"10.1","a",0,0,0,0,5,0,1,1,0,0,"2023-09-25"
"304",132,"15.1","a",0,1,1,2,1,0,2,1,0,0,"2023-09-25"
"305",133,"10.1","a",0,0,0,0,0,2,2,0,0,0,"2023-09-25"
"306",133,"13.1","a",0,2,0,0,3,0,0,0,0,0,"2023-09-25"
"307",133,"16.1","a",4,5,2,0,0,0,0,0,0,0,"2023-09-25"
"308",133,"19.1","a",3,2,0,0,0,0,0,0,0,0,"2023-09-25"
"309",134,"10.1","a",0,0,0,0,0,2,1,3,0,0,"2023-09-25"
"310",134,"13.1","A",0,2,1,2,4,1,1,0,0,1,"2023-09-25"
"311",135,"11.1","A",0,0,0,0,2,3,0,1,0,0,"2023-09-25"
"312",135,"14.1","a",0,0,0,1,4,1,0,0,0,0,"2023-09-25"
"313",136,"10.1","a",0,1,0,0,3,0,1,0,0,0,"2023-09-25"
"314",136,"14.1","A",0,0,0,0,4,0,0,0,0,8,"2023-09-25"
"315",136,"14.2","A",2,4,2,0,0,0,0,0,0,0,"2023-09-25"
"316",136,"14.3","A",6,0,0,0,0,0,0,0,0,0,"2023-09-25"
"317",138,"10.1","A",0,0,0,1,0,4,2,1,0,2,"2023-09-25"
"318",138,"17.1","A",1,3,0,0,0,0,0,0,0,1,"2023-09-25"
"319",138,"18.1","A",0,0,0,0,0,0,2,2,1,0,"2023-09-25"
"320",139,"12.1","A",0,1,0,3,2,0,0,0,0,0,"2023-09-25"
"321",139,"18.1","a",4,0,0,0,0,0,0,0,0,0,"2023-09-25"
"322",140,"9.1","a",0,0,0,0,0,0,1,2,2,1,"2023-09-25"
"323",140,"13.1","a",0,1,2,0,0,1,5,3,0,0,"2023-09-25"
"324",141,"10.1","a",0,0,0,1,0,4,0,0,1,0,"2023-09-25"
"325",141,"13.1","a",0,0,0,0,0,3,0,0,0,0,"2023-09-25"
"326",142,"11.1","A",0,0,0,0,0,7,0,0,0,8,"2023-09-25"
"327",142,"11.2","A",0,0,0,1,1,1,0,0,0,2,"2023-09-25"
"328",142,"11.3","A",4,1,0,0,0,0,0,0,0,0,"2023-09-25"
"329",142,"14.1","A",0,0,1,0,3,2,0,0,0,0,"2023-09-25"
"436",203,"0","0",0,0,0,0,0,0,0,0,0,0,"2023-09-28"
"437",204,"0","0",0,0,0,0,0,0,0,0,0,0,"2023-09-28"
"438",205,"10.1","A",0,0,0,0,0,2,0,3,2,1,"2023-10-04"
"439",205,"13.1","a",0,0,0,0,2,0,0,2,2,0,"2023-10-04"
"440",206,"10.1","a",0,0,0,0,0,1,0,2,0,0,"2023-10-04"
"441",206,"13.1","a",0,0,0,0,1,0,0,3,0,0,"2023-10-04"
"442",207,"9.1","a",0,0,0,0,0,0,0,4,0,0,"2023-10-04"
"443",207,"12.1","A",0,2,0,0,2,0,0,0,0,1,"2023-10-04"
"444",208,"13.1","a",0,0,0,0,0,2,0,1,1,0,"2023-10-04"
"445",209,"7.1","A",0,0,0,0,0,2,0,2,0,1,"2023-10-04"
"446",209,"10.1","a",0,0,0,0,0,3,1,1,0,0,"2023-10-04"
"447",210,"9.1","a",0,0,0,0,0,0,0,3,0,0,"2023-10-04"
"448",210,"12.1","a",0,0,0,0,0,3,0,3,0,0,"2023-10-04"
"449",211,"11.1","a",0,0,0,0,0,3,0,1,2,0,"2023-10-04"
"450",211,"14.1","a",0,0,0,0,0,3,0,3,0,0,"2023-10-04"
"451",212,"11.1","a",0,0,0,1,0,1,0,3,0,0,"2023-10-04"
"452",212,"14.1","A",0,2,0,0,0,1,0,1,0,1,"2023-10-04"
"333",144,"10.1","A",0,0,0,0,1,1,0,5,0,1,"2023-09-28"
"334",144,"13.1","a",0,0,0,0,1,1,0,4,0,0,"2023-09-28"
"335",145,"10.1","a",0,0,0,0,0,1,0,2,0,0,"2023-09-28"
"336",145,"13.1","a",0,0,0,0,0,1,0,3,0,0,"2023-09-28"
"337",146,"9.1","a",0,0,0,0,0,0,0,4,0,0,"2023-09-28"
"338",146,"12.1","A",0,0,0,0,4,0,0,0,0,1,"2023-09-28"
"339",147,"13.1","A",0,0,0,0,2,0,2,0,0,0,"2023-09-28"
"340",148,"7.1","A",0,0,0,0,2,0,2,0,0,1,"2023-09-28"
"341",148,"10.1","A",0,0,0,0,0,0,3,0,0,0,"2023-09-28"
"342",149,"9.1","A",0,0,0,0,0,0,3,0,0,0,"2023-09-28"
"343",149,"12.1","a",0,0,0,0,2,0,0,0,0,0,"2023-09-28"
"344",150,"11.1","a",0,0,0,0,0,3,0,1,2,0,"2023-09-28"
"345",150,"14.1","a",0,0,0,0,0,1,0,3,0,0,"2023-09-28"
"346",151,"11.1","a",0,0,0,0,1,1,0,3,0,0,"2023-09-28"
"347",151,"14.1","A",0,1,0,0,2,0,0,1,0,1,"2023-09-28"
"348",152,"10.1","a",0,0,0,0,0,2,0,4,0,0,"2023-09-28"
"349",152,"14.1","A",0,0,0,0,0,2,0,2,0,1,"2023-09-28"
"350",153,"11.1","a",0,0,0,0,0,2,0,1,0,0,"2023-09-28"
"351",153,"14.1","a",0,0,0,0,0,1,0,1,1,0,"2023-09-28"
"352",154,"13.1","a",2,0,0,0,0,0,0,0,0,0,"2023-09-28"
"353",154,"15.1","a",4,0,0,0,0,0,0,0,0,0,"2023-09-28"
"354",155,"11.1","a",0,0,0,0,2,0,0,2,0,0,"2023-09-28"
"355",155,"14.1","a",0,0,0,0,2,0,0,2,0,0,"2023-09-28"
"356",156,"10.1","a",0,0,0,0,0,1,0,3,0,0,"2023-09-28"
"357",156,"13.1","a",0,0,0,0,0,1,1,1,2,0,"2023-09-28"
"358",157,"9.1","a",0,0,0,0,0,3,0,4,0,0,"2023-09-28"
"359",157,"12.1","A",0,0,0,0,0,2,0,2,0,2,"2023-09-28"
"360",158,"10.1","a",0,0,0,0,0,3,1,3,0,0,"2023-09-28"
"361",159,"14.1","A",2,1,0,0,1,2,0,3,0,1,"2023-09-28"
"362",160,"10.1","a",0,0,0,0,0,3,0,3,0,0,"2023-09-28"
"363",160,"13.1","a",0,0,0,0,0,3,0,3,0,1,"2023-09-28"
"364",161,"9.1","a",0,0,0,0,2,0,0,0,0,0,"2023-09-28"
"365",161,"11.1","a",0,0,0,0,0,6,0,0,3,0,"2023-09-28"
"366",162,"9.1","a",0,0,0,0,0,1,0,5,0,0,"2023-09-28"
"367",162,"12.1","A",0,0,0,0,2,2,0,0,3,2,"2023-09-28"
"368",163,"10.1","a",1,0,0,0,1,1,0,3,0,0,"2023-09-28"
"369",163,"13.1","a",0,0,0,0,1,1,0,4,0,0,"2023-09-28"
"370",164,"10.1","A",0,0,0,0,0,1,0,0,0,3,"2023-09-28"
"371",164,"10.2","A",0,0,0,0,2,2,0,2,0,2,"2023-09-28"
"372",164,"10.3","A",4,1,0,0,0,0,0,0,0,1,"2023-09-28"
"373",164,"14.1","a",0,0,0,0,0,2,0,2,1,0,"2023-09-28"
"374",165,"9.1","a",0,0,0,0,0,2,0,5,0,0,"2023-09-28"
"375",165,"13.1","a",0,0,0,2,3,1,0,2,0,0,"2023-09-28"
"376",166,"10.1","a",0,0,0,0,1,0,0,2,0,0,"2023-09-28"
"377",166,"13.1","A",1,0,0,1,3,2,0,1,0,1,"2023-09-28"
"378",167,"0","0",0,0,0,0,0,0,0,0,0,0,"2023-09-28"
"379",168,"10.1","a",1,1,1,2,3,5,0,1,0,1,"2023-09-28"
"380",168,"13.1","A",0,0,0,0,0,0,0,0,0,1,"2023-09-28"
"381",169,"10.1","A",0,0,0,3,0,0,1,1,0,3,"2023-09-28"
"382",169,"10.2","A",0,0,0,0,0,0,1,0,0,0,"2023-09-28"
"383",169,"13.1","A",10,0,0,0,4,0,1,2,0,5,"2023-09-28"
"384",169,"13.2","A",2,3,0,0,0,0,0,0,0,2,"2023-09-28"
"385",170,"10.1","A",0,2,2,2,1,0,0,0,0,5,"2023-09-28"
"168",63,"10.1","a",0,0,0,0,0,1,0,2,0,0,"2023-09-21"
"169",63,"13.1","a",0,0,0,0,1,1,0,3,0,0,"2023-09-21"
"170",64,"9.1","a",0,0,0,0,0,0,0,4,0,1,"2023-09-21"
"171",64,"12.1","A",0,0,0,0,1,4,0,0,0,0,"2023-09-21"
"208",83,"8","a",1,0,0,0,0,4,1,2,0,0,"2023-09-21"
"386",170,"10.2","A",0,1,1,1,5,0,0,0,0,1,"2023-09-28"
"387",170,"13.1","a",0,3,0,2,2,0,0,1,0,5,"2023-09-28"
"388",171,"11.1","a",0,0,0,0,0,1,2,3,0,0,"2023-09-28"
"172",65,"13.1","a",0,0,0,0,1,1,0,2,0,0,"2023-09-21"
"173",66,"7.1","A",0,0,0,0,0,2,0,2,0,1,"2023-09-21"
"174",66,"10.1","a",0,0,0,0,0,3,0,1,0,0,"2023-09-21"
"175",67,"9.1","a",0,0,0,0,0,0,0,3,0,0,"2023-09-21"
"176",67,"9.2","a",0,0,0,0,1,0,0,3,0,0,"2023-09-21"
"177",67,"12.1","a",0,0,0,0,0,3,0,1,2,0,"2023-09-21"
"178",68,"11.1","a",0,0,0,0,0,2,0,3,0,0,"2023-09-21"
"179",68,"14.1","a",0,0,0,0,1,1,0,3,0,1,"2023-09-21"
"180",69,"11.1","A",0,2,0,0,1,0,0,1,0,0,"2023-09-21"
"181",69,"14.1","a",0,0,0,0,1,1,0,4,0,1,"2023-09-21"
"182",70,"10.1","A",0,0,0,0,0,1,0,2,0,0,"2023-09-21"
"183",70,"14.1","a",0,0,0,0,0,2,0,1,0,0,"2023-09-21"
"184",71,"11.1","a",0,0,0,0,0,2,0,1,1,0,"2023-09-21"
"185",71,"14.1","a",0,0,0,0,0,0,0,0,0,0,"2023-09-21"
"186",72,"15.1","a",0,0,0,0,0,0,0,2,0,0,"2023-09-21"
"187",72,"15.1","b",0,0,0,0,0,2,0,2,0,0,"2023-09-21"
"188",73,"11.1","a",0,0,0,0,0,4,0,3,0,0,"2023-09-21"
"189",73,"14.1","a",0,0,0,0,0,1,0,3,0,0,"2023-09-21"
"192",75,"9.1","a",0,0,0,0,0,2,0,3,0,0,"2023-09-21"
"193",75,"12.1","a",0,0,0,0,0,2,0,2,0,0,"2023-09-21"
"194",76,"10.1","a",0,0,0,0,0,4,0,3,0,0,"2023-09-21"
"195",77,"14.1","a",0,0,0,0,0,5,0,3,0,1,"2023-09-21"
"196",77,"14.1","A",0,0,0,0,0,3,0,3,0,0,"2023-09-21"
"197",78,"10.1","a",0,0,0,0,0,2,0,3,0,0,"2023-09-21"
"198",78,"13.1","a",0,0,0,0,0,2,0,3,0,0,"2023-09-21"
"199",79,"9.1","a",0,0,0,0,1,1,0,0,0,0,"2023-09-21"
"200",79,"11.1","A",0,0,0,0,0,6,0,0,4,0,"2023-09-21"
"201",80,"9.1","a",0,0,0,0,3,3,0,3,0,3,"2023-09-21"
"190",74,"10.1","a",0,0,0,0,0,3,0,3,0,0,"2023-09-21"
"191",74,"13.1","a",0,0,0,0,0,4,0,3,0,2,"2023-09-21"
"202",80,"12.1","a",0,0,0,0,0,1,0,5,0,0,"2023-09-21"
"203",80,"12.2","A",0,0,0,0,0,1,0,3,0,0,"2023-09-21"
"204",81,"10.1","a",0,0,0,0,0,2,0,4,0,0,"2023-09-21"
"205",81,"13.1","A",0,0,0,0,6,3,1,0,0,9,"2023-09-21"
"206",82,"10.1","a",0,0,0,0,0,4,1,1,1,0,"2023-09-21"
"207",82,"14.1","a",0,0,0,0,0,0,0,0,0,0,"2023-09-21"
"209",83,"12","a",0,1,1,2,3,0,0,0,0,0,"2023-09-21"
"210",84,"9","A",0,0,0,0,1,3,1,0,0,1,"2023-09-21"
"211",84,"12","a",2,1,1,1,2,0,0,1,0,0,"2023-09-21"
"212",85,"0","A",0,0,0,0,0,0,0,0,0,1,"2023-09-21"
"213",86,"9","a",1,0,0,0,1,4,0,0,0,0,"2023-09-21"
"214",86,"12","a",0,0,0,0,0,0,0,0,0,0,"2023-09-21"
"215",87,"9","A",5,0,0,0,4,2,1,0,0,6,"2023-09-21"
"216",87,"12","a",0,2,0,1,1,2,0,0,0,3,"2023-09-21"
"217",88,"9","A",0,2,0,0,3,2,0,0,0,4,"2023-09-21"
"218",88,"12","A",0,2,0,2,1,0,0,0,0,1,"2023-09-21"
"219",89,"9","a",0,0,0,1,2,2,0,2,0,0,"2023-09-21"
"220",89,"12","A",3,0,0,2,2,0,0,0,0,2,"2023-09-21"
"221",90,"14","a",1,2,0,0,0,0,2,0,0,0,"2023-09-21"
"222",90,"18","A",0,3,0,1,1,0,0,0,0,1,"2023-09-21"
"389",171,"14.1","A",0,0,0,2,1,0,0,0,0,2,"2023-09-28"
"390",171,"14.2","A",0,0,0,3,4,0,0,0,0,0,"2023-09-28"
"391",172,"16.1","a",0,0,0,0,1,1,0,0,0,0,"2023-09-28"
"392",172,"20.1","A",2,2,0,0,4,0,0,0,0,3,"2023-09-28"
"393",173,"10.1","a",0,0,0,0,3,1,1,2,0,0,"2023-09-28"
"394",173,"15.1","a",0,0,1,3,0,0,1,3,0,0,"2023-09-28"
"395",174,"10.1","a",0,0,0,0,1,1,0,2,0,0,"2023-09-28"
"396",174,"13.1","a",0,0,1,2,1,1,1,0,0,0,"2023-09-28"
"397",174,"16.1","a",2,5,0,3,0,0,0,0,0,0,"2023-09-28"
"398",175,"10.1","a",0,0,0,0,1,1,1,3,0,0,"2023-09-28"
"399",175,"13.1","A",0,0,1,3,3,0,0,3,0,1,"2023-09-28"
"400",176,"11.1","A",0,0,0,0,1,3,1,1,0,4,"2023-09-28"
"453",213,"10.1","a",0,0,0,0,0,2,0,3,1,0,"2023-10-04"
"454",213,"14.1","A",0,0,0,0,0,2,0,2,0,0,"2023-10-04"
"455",214,"11.1","a",0,0,0,0,0,2,0,1,0,0,"2023-10-04"
"456",214,"14.1","a",0,0,0,0,0,2,0,1,1,0,"2023-10-04"
"457",215,"15.1","a",1,3,0,0,0,0,0,0,0,0,"2023-10-04"
"458",216,"11.1","a",0,0,0,0,1,2,0,1,1,0,"2023-10-04"
"459",216,"14.1","a",0,0,0,0,0,4,0,2,0,0,"2023-10-04"
"460",217,"10.1","a",0,0,0,0,0,1,0,2,1,0,"2023-10-04"
"461",217,"13.1","a",0,0,0,0,0,1,0,2,2,0,"2023-10-04"
"462",218,"9.1","a",0,0,0,0,0,3,1,3,0,0,"2023-10-04"
"463",218,"12.1","A",0,0,0,0,0,2,0,2,0,2,"2023-10-04"
"464",219,"10.1","a",0,0,0,0,0,0,1,6,0,0,"2023-10-04"
"465",220,"14.1","A",1,0,0,0,2,2,0,3,0,1,"2023-10-04"
"466",221,"10.1","a",0,0,0,0,0,2,0,3,1,0,"2023-10-04"
"467",221,"13.1","a",0,0,0,0,0,2,0,3,0,0,"2023-10-04"
"468",222,"9.1","a",0,0,0,0,1,0,1,0,0,0,"2023-10-04"
"469",222,"11.1","a",0,1,0,0,0,6,0,0,3,0,"2023-10-04"
"470",223,"9.1","a",0,0,0,0,0,1,0,3,2,0,"2023-10-04"
"471",223,"12.1","A",0,0,0,0,0,3,0,3,0,2,"2023-10-04"
"472",223,"12.2","A",0,0,0,0,1,0,0,0,0,3,"2023-10-04"
"473",224,"10.1","a",0,0,0,0,1,0,2,3,0,0,"2023-10-04"
"474",224,"13.1","a",0,0,0,0,2,0,0,4,0,0,"2023-10-04"
"475",225,"10.1","A",0,0,0,0,0,1,0,0,0,3,"2023-10-04"
"476",225,"10.2","A",0,0,0,0,0,5,0,0,0,2,"2023-10-04"
"477",225,"10.3","A",0,0,0,0,0,2,0,2,0,2,"2023-10-04"
"478",225,"10.4","A",3,2,1,0,0,0,0,0,0,2,"2023-10-04"
"479",225,"14.1","a",1,2,0,0,0,1,0,0,0,0,"2023-10-04"
"480",226,"9.1","a",0,0,0,0,0,0,1,5,0,0,"2023-10-04"
"481",226,"13.1","a",0,0,0,1,1,2,0,3,0,0,"2023-10-04"
"482",227,"10.1","a",2,0,0,0,0,3,0,2,0,0,"2023-10-04"
"483",227,"13.1","A",0,0,1,1,0,2,0,3,0,1,"2023-10-04"
"484",228,"0","0",0,0,0,0,0,0,0,0,0,0,"2023-10-04"
"485",229,"10.1","a",0,2,0,0,0,5,0,1,0,0,"2023-10-04"
"486",229,"13.1","a",0,1,0,2,6,0,0,1,0,0,"2023-10-04"
"487",230,"10.1","A",0,0,0,0,4,0,0,3,0,9,"2023-10-04"
"488",230,"10.2","A",2,0,2,3,0,0,0,0,0,0,"2023-10-04"
"489",230,"13.1","A",0,0,0,0,0,0,0,2,0,2,"2023-10-04"
"490",230,"13.2","A",0,0,0,1,0,1,1,1,0,1,"2023-10-04"
"491",230,"13.3","A",0,2,2,0,0,0,0,0,0,4,"2023-10-04"
"492",231,"10.1","A",0,0,0,0,1,4,0,0,0,2,"2023-10-04"
"493",231,"10.2","A",0,0,0,3,0,0,0,0,0,6,"2023-10-04"
"494",231,"13.1","A",0,0,0,1,0,6,0,1,0,1,"2023-10-04"
"495",232,"11.1","a",0,0,0,0,0,1,0,6,0,0,"2023-10-04"
"496",232,"14.1","A",0,0,0,0,1,0,0,3,0,0,"2023-10-04"
"497",232,"14.2","A",0,0,0,0,2,1,1,0,0,2,"2023-10-04"
"498",233,"16.1","a",0,0,0,0,0,3,0,1,0,0,"2023-10-04"
"499",233,"20.1","A",0,1,0,0,4,0,0,0,0,6,"2023-10-04"
"500",234,"10.1","a",0,0,0,0,2,1,2,3,0,0,"2023-10-04"
"501",234,"15.1","a",0,0,0,1,0,2,0,5,0,0,"2023-10-04"
"502",235,"10.1","a",0,0,0,0,0,2,0,2,0,0,"2023-10-04"
"503",235,"13.1","a",0,1,0,2,1,0,0,2,0,0,"2023-10-04"
"504",235,"16.1","a",0,0,0,5,3,0,0,0,0,0,"2023-10-04"
"505",235,"19.1","a",0,2,2,2,0,0,0,0,0,0,"2023-10-04"
"506",235,"22.1","a",3,2,0,0,0,0,0,0,0,0,"2023-10-04"
"507",236,"10.1","a",0,0,0,0,0,0,1,4,0,0,"2023-10-04"
"508",236,"13.1","A",0,0,0,2,2,1,1,4,0,1,"2023-10-04"
"509",237,"11.1","A",0,0,0,0,0,3,0,2,0,5,"2023-10-04"
"510",237,"14.1","a",0,0,0,1,0,2,0,4,0,0,"2023-10-04"
"511",238,"10.1","a",0,1,0,0,3,0,1,2,0,0,"2023-10-04"
"512",238,"14.1","A",0,0,0,0,1,0,0,3,0,3,"2023-10-04"
"513",238,"14.2","A",0,0,2,5,0,0,0,0,0,4,"2023-10-04"
"514",238,"14.3","A",5,7,0,0,0,0,0,0,0,5,"2023-10-04"
"515",239,"0","",0,0,0,0,0,0,0,0,0,0,"2023-10-04"
"516",240,"10.1","A",0,0,0,0,1,4,0,3,0,3,"2023-10-04"
"517",240,"17.1","a",6,5,0,0,0,0,0,0,0,0,"2023-10-04"
"518",240,"20.1","A",1,1,2,3,0,0,0,0,0,2,"2023-10-04"
"519",241,"12.1","a",0,0,0,0,0,1,0,3,0,0,"2023-10-04"
"520",241,"18.1","A",0,5,2,1,0,0,0,1,0,2,"2023-10-04"
"521",242,"9.1","A",0,0,0,0,0,0,2,3,0,1,"2023-10-04"
"522",242,"13.1","A",0,0,1,2,3,0,1,1,0,1,"2023-10-04"
"523",243,"10.1","a",1,0,0,0,0,3,0,1,0,0,"2023-10-04"
"524",243,"13.1","a",0,0,0,0,2,0,0,1,0,0,"2023-10-04"
"525",244,"11.1","A",0,0,0,0,6,1,0,0,0,1,"2023-10-04"
"526",244,"11.2","A",0,0,0,0,0,0,3,1,0,5,"2023-10-04"
"527",244,"11.3","A",0,2,2,2,0,0,0,0,0,4,"2023-10-04"
"528",244,"11.4","A",5,1,0,0,0,0,0,0,0,2,"2023-10-04"
"529",244,"14.1","a",0,0,0,1,2,0,2,2,0,0,"2023-10-04"
"530",245,"10.1","a",0,0,1,7,4,0,1,4,0,0,"2023-10-04"
"531",245,"13.1","a",0,2,2,2,2,1,0,2,0,0,"2023-10-04"
"532",246,"0","0",0,0,0,0,0,0,0,0,0,0,"2023-10-04"
"533",247,"0","0",0,0,0,0,0,0,0,0,0,0,"2023-10-04"
"534",248,"0","0",0,0,0,0,0,0,0,0,0,0,"2023-10-04"
"535",249,"0","0",0,0,0,0,0,0,0,0,0,0,"2023-10-04"
"536",250,"0","0",0,0,0,0,0,0,0,0,0,0,"2023-10-04"
"537",251,"0","0",0,0,0,0,0,0,0,0,0,0,"2023-10-04"
"538",252,"0","0",0,0,0,0,0,0,0,0,0,0,"2023-10-04"
"539",253,"0","0",0,0,0,0,0,0,0,0,0,0,"2023-10-04"
"540",254,"0","0",0,0,0,0,0,0,0,0,0,0,"2023-10-04"
"541",255,"0","0",0,0,0,0,0,0,0,0,0,0,"2023-10-04"
"542",256,"0","0",0,0,0,0,0,0,0,0,0,0,"2023-10-04"
"543",257,"0","0",0,0,0,0,0,0,0,0,0,0,"2023-10-04"
"544",258,"0","0",0,0,0,0,0,0,0,0,0,0,"2023-10-04"
"545",259,"0","0",0,0,0,0,0,0,0,0,0,0,"2023-10-04"
"546",260,"0","0",0,0,0,0,0,0,0,0,0,0,"2023-10-04"
"547",261,"8.1","a",4,0,0,0,0,0,0,0,0,0,"2023-10-04"
"548",262,"0","0",0,0,0,0,0,0,0,0,0,0,"2023-10-04"
"549",263,"8.1","a",4,0,0,0,0,0,0,0,0,0,"2023-10-04"
"550",264,"8.1","a",3,0,0,0,0,0,0,0,0,0,"2023-10-04"
"551",265,"0","0",0,0,0,0,0,0,0,0,0,0,"2023-10-04"
"804",395,"13","a",6,3,0,0,0,0,0,0,0,0,"2023-10-27"
"805",395,"17","a",5,0,0,0,0,0,0,0,0,0,"2023-10-27"
"806",396,"9","a",0,4,0,3,0,0,0,0,0,0,"2023-10-27"
"807",396,"13","a",1,6,0,0,0,0,0,0,0,0,"2023-10-27"
"808",396,"17","a",4,0,0,0,0,0,0,0,0,0,"2023-10-27"
"809",397,"9","a",0,4,0,2,0,0,0,0,0,0,"2023-10-27"
"810",397,"13","a",1,5,0,0,0,0,0,0,0,0,"2023-10-27"
"811",397,"16","a",5,0,0,0,0,0,0,0,0,0,"2023-10-27"
"812",398,"11","a",3,2,1,1,0,0,0,0,0,0,"2023-10-27"
"813",398,"15","a",7,5,0,0,0,0,0,0,0,0,"2023-10-27"
"814",398,"19","a",5,0,0,0,0,0,0,0,0,0,"2023-10-27"
"815",399,"10","a",2,4,2,0,0,0,0,0,0,0,"2023-10-27"
"816",399,"13","a",4,4,0,0,0,0,0,0,0,0,"2023-10-27"
"817",400,"10","a",6,0,0,0,0,0,0,0,0,0,"2023-10-27"
"818",400,"14","a",9,5,0,0,0,0,0,0,0,0,"2023-10-27"
"819",401,"9","a",0,0,0,0,0,0,0,0,0,0,"2023-10-27"
"820",401,"13","A.1",2,4,0,0,0,0,0,0,0,2,"2023-10-27"
"663",326,"10.1","a",5,0,0,0,0,0,0,0,0,0,"2023-10-19"
"645",308,"0","0",0,0,0,0,0,0,0,0,0,0,"2023-10-16"
"646",309,"9.1","a",4,0,0,0,0,0,0,0,0,0,"2023-10-16"
"647",310,"0","0",0,0,0,0,0,0,0,0,0,0,"2023-10-16"
"648",311,"0","0",0,0,0,0,0,0,0,0,0,0,"2023-10-16"
"649",312,"9.1","a",3,0,0,0,0,0,0,0,0,0,"2023-10-16"
"650",313,"0","0",0,0,0,0,0,0,0,0,0,0,"2023-10-16"
"651",314,"8.1","a",4,0,0,0,0,0,0,0,0,0,"2023-10-16"
"652",315,"0","0",0,0,0,0,0,0,0,0,0,0,"2023-10-16"
"653",316,"9.1","a",3,0,0,0,0,0,0,0,0,0,"2023-10-16"
"654",317,"8.1","a",3,0,0,0,0,0,0,0,0,0,"2023-10-16"
"655",318,"0","0",0,0,0,0,0,0,0,0,0,0,"2023-10-16"
"656",319,"8.1","a",2,0,0,0,0,0,0,0,0,0,"2023-10-16"
"657",320,"9.1","a",4,0,0,0,0,0,0,0,0,0,"2023-10-16"
"658",321,"9.1","a",2,0,0,0,0,0,0,0,0,0,"2023-10-16"
"659",322,"8.1","a",3,0,0,0,0,0,0,0,0,0,"2023-10-16"
"660",323,"0","0",0,0,0,0,0,0,0,0,0,0,"2023-10-16"
"661",324,"9.1","a",4,0,0,0,0,0,0,0,0,0,"2023-10-16"
"662",325,"0","0",0,0,0,0,0,0,0,0,0,0,"2023-10-16"
"664",326,"13.1","a",4,0,0,0,0,0,0,0,0,0,"2023-10-19"
"665",327,"9.1","a",4,2,0,0,0,0,0,0,0,0,"2023-10-19"
"666",327,"12.1","a",3,0,0,0,0,0,0,0,0,0,"2023-10-19"
"667",328,"9.1","a",5,0,0,0,0,0,0,0,0,0,"2023-10-19"
"668",328,"13.1","a",5,0,0,0,0,0,0,0,0,0,"2023-10-19"
"669",328,"15.1","a",3,0,0,0,0,0,0,0,0,0,"2023-10-19"
"670",329,"8.1","a",5,1,0,0,0,0,0,0,0,0,"2023-10-19"
"671",329,"11.1","a",5,0,0,0,0,0,0,0,0,0,"2023-10-19"
"672",330,"9.1","a",3,2,0,0,0,0,0,0,0,0,"2023-10-19"
"673",330,"12.1","a",4,0,0,0,0,0,0,0,0,0,"2023-10-19"
"674",331,"9.1","a",4,0,0,0,0,0,0,0,0,0,"2023-10-19"
"675",331,"11.1","a",4,0,0,0,0,0,0,0,0,0,"2023-10-19"
"676",332,"9.1","a",5,0,0,0,0,0,0,0,0,0,"2023-10-19"
"677",332,"11.1","a",5,0,0,0,0,0,0,0,0,0,"2023-10-19"
"678",333,"10.1","a",5,1,0,0,0,0,0,0,0,0,"2023-10-19"
"679",333,"14.1","a",4,0,0,0,0,0,0,0,0,0,"2023-10-19"
"680",334,"10.1","a",6,0,0,0,0,0,0,0,0,0,"2023-10-19"
"681",334,"14.1","a",3,0,0,0,0,0,0,0,0,0,"2023-10-19"
"682",335,"9.1","a",3,3,0,0,0,0,0,0,0,0,"2023-10-19"
"683",335,"13.1","a",7,0,0,0,0,0,0,0,0,0,"2023-10-19"
"684",336,"9.1","a",5,2,1,0,0,0,0,0,0,0,"2023-10-19"
"685",336,"13.1","a",5,0,0,0,0,0,0,0,0,0,"2023-10-19"
"686",337,"9.1","a",3,2,1,0,0,0,0,0,0,0,"2023-10-19"
"687",337,"13.1","a",5,0,0,0,0,0,0,0,0,0,"2023-10-19"
"688",338,"11.1","a",3,2,0,0,0,0,0,0,0,0,"2023-10-19"
"689",338,"15.1","a",6,0,0,0,0,0,0,0,0,0,"2023-10-19"
"690",339,"10.1","a",2,3,0,0,0,0,0,0,0,0,"2023-10-19"
"691",339,"13.1","a",4,0,0,0,0,0,0,0,0,0,"2023-10-19"
"692",340,"10.1","a",5,0,0,0,0,0,0,0,0,0,"2023-10-19"
"693",340,"14.1","a",7,0,0,0,0,0,0,0,0,0,"2023-10-19"
"694",341,"9.1","a",4,2,2,0,0,0,0,0,0,0,"2023-10-19"
"695",341,"13.1","a",4,0,0,0,0,0,0,0,0,0,"2023-10-19"
"696",342,"9.1","a",5,1,0,0,0,0,0,0,0,0,"2023-10-19"
"697",342,"13.1","a",6,0,0,0,0,0,0,0,0,0,"2023-10-19"
"698",343,"9.1","a",1,3,2,0,0,0,0,0,0,0,"2023-10-19"
"699",343,"12.1","a",3,0,0,0,0,0,0,0,0,0,"2023-10-19"
"700",343,"14.1","a",5,0,0,0,0,0,0,0,0,0,"2023-10-19"
"701",344,"8.1","a",3,0,1,1,0,0,0,0,0,0,"2023-10-19"
"702",344,"11.1","A1",8,0,0,0,0,0,0,0,0,0,"2023-10-19"
"703",344,"15.1","a",3,0,0,0,0,0,0,0,0,0,"2023-10-19"
"704",345,"9.1","a",5,2,0,0,0,0,0,0,0,0,"2023-10-19"
"705",345,"13.1","a",4,0,0,0,0,0,0,0,0,0,"2023-10-19"
"706",346,"8.1","a",0,0,0,0,0,0,0,0,0,0,"2023-10-19"
"707",347,"8.1","a",0,0,0,0,0,0,0,0,0,0,"2023-10-19"
"708",348,"8.1","a",0,0,0,0,0,0,0,0,0,0,"2023-10-19"
"709",349,"8.1","a",0,0,0,0,0,0,0,0,0,0,"2023-10-19"
"710",350,"0","a",0,0,0,0,0,0,0,0,0,0,"2023-10-19"
"711",351,"7.1","a",0,0,0,0,0,0,0,0,0,0,"2023-10-19"
"712",352,"8.1","a",0,0,0,0,0,0,0,0,0,0,"2023-10-19"
"713",353,"7.1","a",0,0,0,0,0,0,0,0,0,0,"2023-10-19"
"714",354,"8.1","a",0,0,0,0,0,0,0,0,0,0,"2023-10-19"
"715",355,"8.1","a",0,0,0,0,0,0,0,0,0,0,"2023-10-19"
"716",356,"8.1","a",0,0,0,0,0,0,0,0,0,0,"2023-10-19"
"717",357,"8.1","a",0,0,0,0,0,0,0,0,0,0,"2023-10-19"
"718",358,"0","a",0,0,0,0,0,0,0,0,0,0,"2023-10-19"
"719",359,"8.1","a",0,0,0,0,0,0,0,0,0,0,"2023-10-19"
"720",360,"9.1","a",0,0,0,0,0,0,0,0,0,0,"2023-10-19"
"721",361,"8.1","a",0,0,0,0,0,0,0,0,0,0,"2023-10-19"
"722",362,"8.1","a",0,0,0,0,0,0,0,0,0,0,"2023-10-19"
"723",363,"0","a",0,0,0,0,0,0,0,0,0,0,"2023-10-19"
"724",364,"9.1","a",0,0,0,0,0,0,0,0,0,0,"2023-10-19"
"725",365,"9.1","a",0,0,0,0,0,0,0,0,0,0,"2023-10-19"
"552",266,"9.1","a",0,0,0,0,0,0,1,5,0,0,"2023-10-16"
"553",266,"13.1","a",0,0,0,0,0,0,0,0,0,0,"2023-10-16"
"554",267,"10.1","a",0,0,0,0,1,3,0,3,0,0,"2023-10-16"
"555",267,"13.1","A1",0,0,0,0,0,0,1,3,0,1,"2023-10-16"
"556",267,"13.1","A2",2,3,0,0,0,0,0,0,0,4,"2023-10-16"
"557",268,"0","0",0,0,0,0,0,0,0,0,0,0,"2023-10-16"
"558",269,"10.1","a",0,0,0,1,0,2,2,1,0,0,"2023-10-16"
"559",270,"10.1","A1",0,0,0,0,4,1,0,3,0,4,"2023-10-16"
"560",270,"10.1","A2",0,0,0,1,4,1,0,0,0,3,"2023-10-16"
"561",270,"10.1","A3",0,0,0,3,0,0,0,0,0,3,"2023-10-16"
"562",270,"13.1","A1",0,0,0,0,0,0,0,2,0,2,"2023-10-16"
"563",270,"13.1","A2",0,0,0,0,1,0,0,3,0,2,"2023-10-16"
"564",270,"13.1","A3",0,0,0,1,3,0,0,0,0,3,"2023-10-16"
"565",270,"13.1","A4",2,3,1,0,0,0,0,0,0,2,"2023-10-16"
"566",271,"10","A1",0,0,0,0,0,4,0,0,0,1,"2023-10-16"
"567",271,"10","A2",0,2,0,2,3,0,0,0,0,5,"2023-10-16"
"568",271,"10","A3",0,0,0,3,0,0,0,0,0,3,"2023-10-16"
"569",271,"10","A4",0,5,0,0,0,0,0,0,0,4,"2023-10-16"
"570",271,"13","A1",0,0,0,1,5,2,0,1,0,1,"2023-10-16"
"571",272,"10","a",0,0,0,0,0,0,0,6,0,0,"2023-10-16"
"572",273,"9","a",0,0,0,0,0,1,0,5,0,0,"2023-10-16"
"573",273,"15","a",0,0,0,0,0,2,0,1,0,0,"2023-10-16"
"574",273,"18","A1",0,0,0,0,1,1,0,1,0,6,"2023-10-16"
"575",273,"18","A2",4,3,1,0,0,0,0,0,0,3,"2023-10-16"
"576",273,"18","A3",5,0,0,0,0,0,0,0,0,2,"2023-10-16"
"577",274,"10.1","a",0,0,0,0,0,1,0,6,0,0,"2023-10-16"
"578",275,"9.1","a",0,0,0,0,0,3,0,2,0,0,"2023-10-16"
"579",275,"14.1","a",1,0,0,0,3,0,1,2,0,0,"2023-10-16"
"580",276,"9.1","a",0,0,0,0,0,0,0,5,0,0,"2023-10-16"
"581",276,"13.1","A",0,0,0,0,0,0,4,5,0,1,"2023-10-16"
"582",277,"9.1","a",0,0,0,0,0,0,0,5,0,0,"2023-10-16"
"583",277,"11.1","A1",0,0,0,0,0,3,0,2,0,6,"2023-10-16"
"584",277,"11.1","A2",0,5,0,0,0,0,0,0,0,2,"2023-10-16"
"585",277,"13.1","A1",0,0,0,0,0,2,0,6,0,1,"2023-10-16"
"586",277,"16.1","A1",0,0,0,0,0,2,0,0,0,0,"2023-10-16"
"587",278,"10.1","a",0,0,0,0,0,1,0,5,0,0,"2023-10-16"
"588",279,"0","0",0,0,0,0,0,0,0,0,0,0,"2023-10-16"
"589",280,"10.1","A1",0,0,0,0,0,0,0,0,0,3,"2023-10-16"
"590",280,"10.1","A2",2,0,2,2,0,0,0,0,0,3,"2023-10-16"
"591",281,"9.1","a",0,0,0,0,0,1,0,3,0,0,"2023-10-16"
"592",282,"13.1","A1",0,0,0,0,1,4,0,3,0,3,"2023-10-16"
"593",282,"13.1","A2",3,0,0,0,0,0,0,0,0,0,"2023-10-16"
"594",283,"10.1","a",0,0,0,0,0,1,2,1,0,0,"2023-10-16"
"595",284,"11.1","A1",0,0,0,0,2,3,0,0,1,0,"2023-10-16"
"596",284,"11.1","A2",0,0,0,0,0,0,0,4,4,0,"2023-10-16"
"597",284,"11.1","A3",0,0,0,1,3,1,1,0,0,3,"2023-10-16"
"598",284,"11.1","A4",0,0,1,2,0,0,0,0,0,2,"2023-10-16"
"599",284,"11.1","A5",3,0,0,0,0,0,0,0,0,2,"2023-10-16"
"600",284,"14.1","A1",0,0,0,0,0,3,0,4,0,0,"2023-10-16"
"601",284,"14.1","A2",0,0,0,0,4,3,0,4,0,1,"2023-10-16"
"602",285,"10.1","a",0,0,0,0,0,3,0,2,0,0,"2023-10-16"
"603",286,"10.1","a",4,0,0,0,0,0,0,0,0,0,"2023-10-16"
"604",287,"10.1","a",3,2,0,0,0,0,0,0,0,0,"2023-10-16"
"605",287,"12.1","a",4,0,0,0,0,0,0,0,0,0,"2023-10-16"
"606",288,"10.1","a",3,2,0,0,0,0,0,0,0,0,"2023-10-16"
"607",288,"12.1","a",0,0,0,0,0,0,0,0,0,0,"2023-10-16"
"608",289,"10.1","a",4,1,0,0,0,0,0,0,0,0,"2023-10-16"
"609",289,"13.1","a",4,0,0,0,0,0,0,0,0,0,"2023-10-16"
"610",290,"10.1","a",4,2,0,0,0,0,0,0,0,0,"2023-10-16"
"611",290,"12.1","a",3,0,0,0,0,0,0,0,0,0,"2023-10-16"
"612",291,"10.1","a",4,0,0,0,0,0,0,0,0,0,"2023-10-16"
"613",291,"12.1","a",5,0,0,0,0,0,0,0,0,0,"2023-10-16"
"614",292,"10.1","a",4,1,0,0,0,0,0,0,0,0,"2023-10-16"
"615",292,"12.1","a",4,0,0,0,0,0,0,0,0,0,"2023-10-16"
"616",293,"10.1","a",5,0,0,0,0,0,0,0,0,0,"2023-10-16"
"617",293,"10.1","a",0,0,0,0,0,0,0,0,0,0,"2023-10-16"
"618",294,"10.1","a",5,0,0,0,0,0,0,0,0,0,"2023-10-16"
"619",294,"14.1","a",5,0,0,0,0,0,0,0,0,0,"2023-10-16"
"620",295,"10.1","a",2,3,0,0,0,0,0,0,0,0,"2023-10-16"
"621",295,"13.1","a",2,0,0,0,0,0,0,0,0,0,"2023-10-16"
"622",296,"10.1","a",3,3,0,0,0,0,0,0,0,0,"2023-10-16"
"623",296,"13.1","a",4,0,0,0,0,0,0,0,0,0,"2023-10-16"
"624",297,"9.1","a",2,2,0,0,0,0,0,0,0,0,"2023-10-16"
"625",297,"13.1","a",4,0,0,0,0,0,0,0,0,0,"2023-10-16"
"626",298,"11.1","a",3,2,0,0,0,0,0,0,0,0,"2023-10-16"
"627",298,"14.1","a",4,0,0,0,0,0,0,0,0,0,"2023-10-16"
"628",299,"10.1","a",2,3,0,0,0,0,0,0,0,0,"2023-10-16"
"629",299,"13.1","a",3,0,0,0,0,0,0,0,0,0,"2023-10-16"
"630",300,"10.1","a",6,0,0,0,0,0,0,0,0,0,"2023-10-16"
"631",300,"14.1","a",3,0,0,0,0,0,0,0,0,0,"2023-10-16"
"632",301,"10.1","a",2,4,0,0,0,0,0,0,0,0,"2023-10-16"
"633",301,"13.1","a",4,0,0,0,0,0,0,0,0,0,"2023-10-16"
"634",302,"9.1","a",3,1,0,0,0,0,0,0,0,0,"2023-10-16"
"635",302,"12.1","a",5,0,0,0,0,0,0,0,0,0,"2023-10-16"
"636",303,"9.1","a",2,3,0,0,0,0,0,0,0,0,"2023-10-16"
"637",303,"13.1","a",5,0,0,0,0,0,0,0,0,0,"2023-10-16"
"638",304,"8.1","a",4,0,0,2,0,0,0,0,0,0,"2023-10-16"
"639",305,"9.1","a",4,2,0,0,0,0,0,0,0,0,"2023-10-16"
"640",305,"11.1","a",3,0,0,0,0,0,0,0,0,0,"2023-10-16"
"641",306,"0","0",0,0,0,0,0,0,0,0,0,0,"2023-10-16"
"642",306,"0","0",0,0,0,0,0,0,0,0,0,0,"2023-10-16"
"643",307,"0","0",0,0,0,0,0,0,0,0,0,0,"2023-10-16"
"644",307,"0","0",0,0,0,0,0,0,0,0,0,0,"2023-10-16"
"1723",672,"18","a",5,0,0,0,0,0,0,0,0,0,"2023-12-04"
"1724",673,"8","a",0,0,1,1,3,1,1,0,0,0,"2023-12-04"
"1129",518,"8","a",2,0,0,3,2,0,0,0,0,0,"2023-11-09"
"1130",518,"11","a",1,3,1,5,2,0,0,0,0,0,"2023-11-09"
"1131",518,"15","a",4,2,2,2,0,0,0,0,0,0,"2023-11-09"
"1132",518,"18","a",6,3,0,0,0,0,0,0,0,0,"2023-11-09"
"1133",518,"22","a",2,0,0,0,0,0,0,0,0,0,"2023-11-09"
"1134",519,"9","a",0,0,0,3,0,1,1,2,0,0,"2023-11-09"
"1732",675,"8","a",0,0,0,1,2,0,1,4,0,0,"2023-12-07"
"1733",675,"11","a",0,0,0,3,3,0,2,0,0,0,"2023-12-07"
"1734",675,"15","a",3,0,2,4,0,0,0,0,0,0,"2023-12-07"
"1735",675,"18","a",8,1,0,0,0,0,0,0,0,0,"2023-12-07"
"1736",676,"8","a",0,0,0,2,4,1,2,1,0,0,"2023-12-07"
"1737",676,"11","a",0,0,1,2,4,0,0,2,0,0,"2023-12-07"
"1738",676,"14","a",2,2,2,3,0,0,0,0,0,0,"2023-12-07"
"1739",676,"18","a",7,3,0,0,0,0,0,0,0,0,"2023-12-07"
"1022",486,"9","a",0,0,0,0,0,0,1,6,0,0,"2023-11-09"
"1023",486,"14","a",0,0,0,0,3,0,0,3,0,0,"2023-11-09"
"1024",487,"8","a",0,0,0,0,0,0,0,5,0,0,"2023-11-09"
"1025",487,"12","A1",0,0,0,0,0,0,1,6,0,2,"2023-11-09"
"1026",487,"12","A2",0,0,0,0,1,4,0,1,0,1,"2023-11-09"
"1027",487,"12","A3",2,0,2,3,0,0,0,0,0,4,"2023-11-09"
"1028",487,"12","A4",5,0,0,0,0,0,0,0,0,3,"2023-11-09"
"1029",488,"0","0",0,0,0,0,0,0,0,0,0,0,"2023-11-09"
"1030",489,"9","a",0,0,0,0,0,0,0,7,0,0,"2023-11-09"
"1031",490,"9","A1",0,0,0,0,0,3,0,4,0,5,"2023-11-09"
"1032",490,"9","A2",0,0,0,0,0,0,0,0,0,3,"2023-11-09"
"1033",490,"9","A3",0,0,0,0,5,1,0,1,0,3,"2023-11-09"
"1034",490,"13","A1",0,0,0,0,0,0,0,2,0,2,"2023-11-09"
"1035",490,"13","A2",0,0,0,0,0,1,0,2,0,3,"2023-11-09"
"1036",490,"13","A3",0,0,0,0,4,1,0,1,0,3,"2023-11-09"
"1037",490,"9","A4",0,1,0,0,0,2,0,1,0,3,"2023-11-09"
"1038",491,"0","A1",0,0,0,0,0,1,1,1,0,1,"2023-11-09"
"1039",491,"0","A2",0,0,0,0,1,2,0,0,0,5,"2023-11-09"
"1040",491,"0","A3",0,0,0,0,3,0,1,4,0,3,"2023-11-09"
"1041",491,"0","A4",0,0,0,0,1,1,4,0,0,4,"2023-11-09"
"1042",491,"0","A5",6,0,3,4,0,0,0,0,0,3,"2023-11-09"
"1043",491,"13","A6",6,5,0,0,0,0,0,0,0,2,"2023-11-09"
"1044",492,"9","A1",0,0,0,0,3,0,0,7,0,1,"2023-11-09"
"1045",493,"15","a",0,0,0,0,1,1,0,6,0,0,"2023-11-09"
"1046",493,"19","A1",0,0,0,0,0,3,0,2,0,6,"2023-11-09"
"1047",493,"19","A2",0,0,0,1,2,1,0,4,0,3,"2023-11-09"
"1048",493,"19","A3",1,1,3,4,0,0,0,0,0,9,"2023-11-09"
"1049",493,"19","A4",8,2,6,1,0,0,0,0,0,7,"2023-11-09"
"1050",494,"9","a",0,0,0,0,0,0,0,9,0,0,"2023-11-09"
"1051",495,"9","a",0,0,0,0,0,1,1,2,0,0,"2023-11-09"
"1052",495,"13","a",0,0,0,0,0,0,1,4,0,0,"2023-11-09"
"1053",496,"9","a",0,0,0,0,3,0,1,5,0,0,"2023-11-09"
"1054",496,"12","A1",0,0,0,0,2,0,0,1,1,1,"2023-11-09"
"1055",497,"10","A1",0,0,0,0,0,1,0,5,0,6,"2023-11-09"
"1056",497,"10","A2",0,0,0,0,0,0,0,0,0,3,"2023-11-09"
"1057",497,"14","a",0,0,0,0,0,0,0,6,0,0,"2023-11-09"
"1058",498,"10","a",0,0,0,0,0,0,0,7,0,0,"2023-11-09"
"1059",499,"0","0",0,0,0,0,0,0,0,0,0,0,"2023-11-09"
"1060",500,"10","A1",0,0,0,0,0,0,0,8,0,3,"2023-11-09"
"1061",500,"10","A2",0,0,0,0,1,1,0,4,0,2,"2023-11-09"
"1062",500,"10","A3",0,0,2,2,2,1,0,0,0,3,"2023-11-09"
"1063",500,"10","A4",2,2,2,0,0,0,0,0,0,2,"2023-11-09"
"1064",501,"12","A1",0,2,0,0,0,0,0,4,0,1,"2023-11-09"
"1065",502,"13","A1",0,0,0,0,0,1,1,2,0,0,"2023-11-09"
"1066",502,"13","A2",0,0,1,3,4,0,0,0,0,3,"2023-11-09"
"1067",502,"13","A3",7,0,2,0,0,0,0,0,0,3,"2023-11-09"
"1068",503,"9","a",0,0,0,0,0,0,0,5,0,0,"2023-11-09"
"1069",504,"11","A1",0,0,0,0,0,5,0,0,0,1,"2023-11-09"
"1070",504,"11","A2",0,0,0,0,1,0,0,3,0,4,"2023-11-09"
"1071",504,"11","A3",0,0,0,0,3,0,0,0,0,3,"2023-11-09"
"1072",504,"11","A4",0,0,0,0,3,0,0,0,0,3,"2023-11-09"
"1073",504,"11","A5",2,0,1,0,0,0,0,0,0,2,"2023-11-09"
"1074",505,"10","a",0,0,0,0,0,0,0,6,0,0,"2023-11-09"
"1075",506,"10","a",0,1,1,5,0,0,0,0,0,0,"2023-11-09"
"1076",506,"13","a",1,1,3,6,0,0,0,0,0,0,"2023-11-09"
"1077",506,"16","a",0,0,1,2,0,0,0,0,0,0,"2023-11-09"
"1078",506,"20","a",5,5,0,0,0,0,0,0,0,0,"2023-11-09"
"1079",506,"22","a",6,1,0,0,0,0,0,0,0,0,"2023-11-09"
"1080",507,"9","a",0,0,0,5,2,0,0,0,0,0,"2023-11-09"
"1081",507,"13","a",1,1,1,5,0,0,0,0,0,0,"2023-11-09"
"1082",507,"17","a",3,2,3,0,0,0,0,0,0,0,"2023-11-09"
"1083",507,"21","a",6,2,0,0,0,0,0,0,0,0,"2023-11-09"
"1084",508,"10","a",1,0,0,3,2,0,0,0,0,0,"2023-11-09"
"1085",508,"13","a",0,0,2,5,0,0,0,0,0,0,"2023-11-09"
"855",426,"9","a",0,0,0,0,4,0,0,6,0,0,"2023-11-06"
"856",426,"14","a",0,0,0,0,0,0,0,3,0,0,"2023-11-06"
"857",427,"8","a",0,0,0,0,0,0,0,5,0,0,"2023-11-06"
"858",427,"12","A.1",0,0,0,0,0,0,1,6,0,3,"2023-11-06"
"859",427,"0","A.2",0,0,0,2,2,2,0,0,0,4,"2023-11-06"
"860",427,"0","A.3",4,3,0,0,0,0,0,0,0,3,"2023-11-06"
"861",428,"0","0",0,0,0,0,0,0,0,0,0,0,"2023-11-06"
"862",429,"9","a",0,0,0,0,0,0,0,7,0,0,"2023-11-06"
"863",430,"9","A.1",0,0,0,0,0,0,0,0,0,5,"2023-11-06"
"864",430,"9","A.2",0,0,0,0,0,0,0,0,0,3,"2023-11-06"
"865",430,"9","A.3",0,0,0,0,0,0,0,0,0,3,"2023-11-06"
"866",430,"13","A.1",0,0,0,0,0,0,0,2,0,2,"2023-11-06"
"867",430,"13","A.2",0,0,0,0,0,1,0,3,0,2,"2023-11-06"
"868",430,"13","A.3",0,0,0,0,4,0,0,0,0,2,"2023-11-06"
"869",430,"13","A.4",2,1,0,0,1,1,0,0,0,2,"2023-11-06"
"870",431,"9","A.1",0,0,0,0,0,3,0,0,0,1,"2023-11-06"
"871",431,"9","A.2",0,0,0,0,1,2,0,0,0,5,"2023-11-06"
"872",431,"9","A.3",0,0,0,3,0,2,3,1,0,3,"2023-11-06"
"873",431,"9","A.4",0,0,1,3,3,1,0,0,0,4,"2023-11-06"
"874",431,"9","A.5",8,2,4,0,0,0,0,0,0,2,"2023-11-06"
"875",431,"9","A.6",6,0,0,0,0,0,0,0,0,1,"2023-11-06"
"876",431,"13","A.1",0,0,0,0,1,3,3,3,0,1,"2023-11-06"
"877",432,"9","a",0,0,0,0,0,0,0,6,0,0,"2023-11-06"
"878",433,"15","a",0,0,0,0,0,2,0,2,0,0,"2023-11-06"
"879",433,"19","A.1",0,0,0,0,0,2,0,2,0,6,"2023-11-06"
"880",433,"19","A.2",0,0,1,3,0,2,2,0,0,3,"2023-11-06"
"881",433,"19","A.3",3,4,2,2,0,0,0,0,0,3,"2023-11-06"
"882",433,"19","A.4",21,4,0,0,0,0,0,0,0,4,"2023-11-06"
"883",434,"9","a",0,0,0,0,0,0,0,8,0,0,"2023-11-06"
"884",435,"9","a",0,0,0,0,0,2,0,2,0,0,"2023-11-06"
"885",435,"13","a",0,0,0,0,0,2,0,3,0,0,"2023-11-06"
"886",436,"9","a",0,0,0,0,2,0,0,2,0,0,"2023-11-06"
"887",436,"12","A.1",0,0,0,0,2,2,0,5,0,1,"2023-11-06"
"888",437,"10","A.1",0,0,0,0,0,0,3,2,0,6,"2023-11-06"
"889",437,"10","A.2",1,0,0,0,0,3,0,0,0,4,"2023-11-06"
"890",437,"14","a",0,0,0,0,0,0,0,6,0,0,"2023-11-06"
"891",438,"10","a",0,0,0,0,0,0,0,6,0,0,"2023-11-06"
"892",439,"0","0",0,0,0,0,0,0,0,0,0,0,"2023-11-06"
"893",440,"10","A.1",0,0,0,0,0,0,2,6,0,3,"2023-11-06"
"894",440,"10","A.2",0,0,1,0,0,0,0,4,0,3,"2023-11-06"
"895",440,"10","A.3",1,0,3,3,0,0,0,4,0,3,"2023-11-06"
"896",440,"10","A.4",6,0,0,0,0,0,0,0,0,4,"2023-11-06"
"897",441,"12","A.1",2,0,0,0,0,0,0,4,0,1,"2023-11-06"
"898",442,"9","A.1",0,0,0,0,0,2,0,3,0,1,"2023-11-06"
"899",442,"13","A.1",0,0,0,0,0,3,0,4,0,7,"2023-11-06"
"900",442,"13","A.2",3,1,3,4,0,0,0,0,0,3,"2023-11-06"
"901",442,"13","A.3",8,2,0,0,0,0,0,0,0,3,"2023-11-06"
"902",443,"9","a",0,0,0,0,0,0,0,5,0,0,"2023-11-06"
"903",444,"11","A.1",0,0,0,0,1,4,0,0,0,1,"2023-11-06"
"904",444,"11","A.2",0,0,0,0,0,0,0,4,0,5,"2023-11-06"
"905",444,"11","A.3",0,0,0,0,4,1,0,1,0,3,"2023-11-06"
"906",444,"11","A.4",2,0,0,0,3,0,0,0,0,3,"2023-11-06"
"907",444,"11","A.5",3,0,0,0,0,0,0,0,0,2,"2023-11-06"
"908",444,"14","A.1",0,0,0,0,1,2,0,4,0,1,"2023-11-06"
"909",444,"14","A.2",0,0,0,0,3,3,1,5,0,1,"2023-11-06"
"910",445,"10","a",0,0,0,0,0,0,1,6,0,0,"2023-11-06"
"911",446,"10","a",1,5,1,0,0,0,0,0,0,0,"2023-11-06"
"912",446,"13","a",1,3,0,0,0,0,0,0,0,0,"2023-11-06"
"913",446,"16","a",4,0,0,0,0,0,0,0,0,0,"2023-11-06"
"914",447,"9","a",0,5,0,1,1,0,0,0,0,0,"2023-11-06"
"915",447,"12","a",3,3,2,0,0,0,0,0,0,0,"2023-11-06"
"916",447,"16","a",7,0,0,0,0,0,0,0,0,0,"2023-11-06"
"917",448,"10","a",1,3,2,0,0,0,0,0,0,0,"2023-11-06"
"918",448,"13","a",2,3,3,0,0,0,0,0,0,0,"2023-11-06"
"919",448,"16","a",5,3,0,0,0,0,0,0,0,0,"2023-11-06"
"920",448,"19","a",6,0,0,0,0,0,0,0,0,0,"2023-11-06"
"921",449,"9","a",4,4,4,0,0,0,0,0,0,0,"2023-11-06"
"922",449,"12","a",1,4,2,0,0,0,0,0,0,0,"2023-11-06"
"923",449,"14","a",4,4,0,0,0,0,0,0,0,0,"2023-11-06"
"924",449,"19","a",5,0,0,0,0,0,0,0,0,0,"2023-11-06"
"925",450,"9","a",1,5,0,2,0,0,0,0,0,0,"2023-11-06"
"926",450,"12","A.1",3,2,0,0,0,0,0,0,0,0,"2023-11-06"
"927",450,"12","A.2",6,0,0,0,0,0,0,0,0,0,"2023-11-06"
"928",450,"15","a",7,3,0,0,0,0,0,0,0,0,"2023-11-06"
"929",451,"12","a",4,4,0,0,0,0,0,0,0,0,"2023-11-06"
"930",451,"16","a",8,0,0,0,0,0,0,0,0,0,"2023-11-06"
"931",452,"10","A.1",1,4,1,0,0,0,0,0,0,0,"2023-11-06"
"932",452,"13","a",4,3,2,0,0,0,0,0,0,0,"2023-11-06"
"933",452,"16","a",7,2,0,0,0,0,0,0,0,0,"2023-11-06"
"934",452,"18","a",5,0,0,0,0,0,0,0,0,0,"2023-11-06"
"935",453,"10","a",4,2,0,1,0,0,0,0,0,0,"2023-11-06"
"936",453,"13","a",7,4,2,2,0,0,0,0,0,0,"2023-11-06"
"937",453,"16","A",7,0,2,0,0,0,0,0,0,0,"2023-11-06"
"938",453,"16","B",5,3,0,0,0,0,0,0,0,0,"2023-11-06"
"939",454,"11","a",3,5,0,0,0,0,0,0,0,0,"2023-11-06"
"940",454,"13","a",5,3,1,0,0,0,0,0,0,0,"2023-11-06"
"941",454,"16","a",6,3,0,0,0,0,0,0,0,0,"2023-11-06"
"942",455,"9","a",1,3,0,0,0,0,0,0,0,0,"2023-11-06"
"943",455,"12","a",5,4,1,0,0,0,0,0,0,0,"2023-11-06"
"944",455,"16","a",5,3,4,0,0,0,0,0,0,0,"2023-11-06"
"945",455,"19","a",7,0,0,0,0,0,0,0,0,0,"2023-11-06"
"946",456,"8","a",0,3,1,0,0,0,0,0,0,0,"2023-11-06"
"947",456,"12","a",3,3,3,0,0,0,0,0,0,0,"2023-11-06"
"948",456,"15","a",4,0,0,0,0,0,0,0,0,0,"2023-11-06"
"949",456,"17","a",3,0,0,0,0,0,0,0,0,0,"2023-11-06"
"950",457,"10","a",1,3,1,1,1,0,0,0,0,0,"2023-11-06"
"951",457,"13","a",2,4,0,2,0,0,0,0,0,0,"2023-11-06"
"952",457,"16","a",5,3,0,0,0,0,0,0,0,0,"2023-11-06"
"953",458,"9","a",1,3,0,0,2,0,0,0,0,0,"2023-11-06"
"954",458,"12","a",5,6,5,0,0,0,0,0,0,0,"2023-11-06"
"955",458,"16","a",7,2,0,0,0,0,0,0,0,0,"2023-11-06"
"956",458,"18","a",5,0,0,0,0,0,0,0,0,0,"2023-11-06"
"957",459,"10","a",0,3,1,3,0,0,0,0,0,0,"2023-11-06"
"958",459,"13","a",2,5,0,0,0,0,0,0,0,0,"2023-11-06"
"959",459,"16","a",6,2,0,0,0,0,0,0,0,0,"2023-11-06"
"960",460,"10","a",5,1,0,0,0,0,0,0,0,0,"2023-11-06"
"961",460,"15","a",8,8,2,0,0,0,0,0,0,0,"2023-11-06"
"962",460,"18","a",8,1,0,0,0,0,0,0,0,0,"2023-11-06"
"963",460,"21","a",5,0,0,0,0,0,0,0,0,0,"2023-11-06"
"964",461,"10","a",0,2,3,1,1,3,0,0,0,0,"2023-11-06"
"965",461,"14","A.1",0,3,3,0,0,0,0,0,0,0,"2023-11-06"
"966",461,"14","A.2",4,3,0,0,0,0,0,0,0,0,"2023-11-06"
"967",461,"18","a",5,4,0,0,0,0,0,0,0,0,"2023-11-06"
"968",461,"20","a",9,0,0,0,0,0,0,0,0,0,"2023-11-06"
"969",462,"9","a",1,3,2,0,1,0,0,0,0,0,"2023-11-06"
"970",462,"12","a",6,3,3,0,0,0,0,0,0,0,"2023-11-06"
"971",462,"17","a",11,2,0,0,0,0,0,0,0,0,"2023-11-06"
"972",463,"9","a",0,1,2,3,1,1,0,0,0,0,"2023-11-06"
"973",463,"11","a",0,0,0,3,0,0,0,0,0,0,"2023-11-06"
"974",463,"13","a",8,7,1,0,0,0,0,0,0,0,"2023-11-06"
"975",463,"15","a",8,7,1,0,0,0,0,0,0,0,"2023-11-06"
"976",464,"7","A.1",0,2,0,2,1,1,0,0,0,1,"2023-11-06"
"977",464,"10","A.1",4,3,3,3,0,0,0,0,0,1,"2023-11-06"
"978",464,"14","a",3,5,1,0,0,0,0,0,0,0,"2023-11-06"
"979",464,"17","a",5,2,0,0,0,0,0,0,0,0,"2023-11-06"
"980",465,"9","a",0,2,1,2,1,1,0,0,0,0,"2023-11-06"
"981",465,"12","a",0,0,3,0,0,0,0,0,0,0,"2023-11-06"
"982",465,"16","a",11,4,0,0,0,0,0,0,0,0,"2023-11-06"
"983",466,"8","a",4,3,0,0,0,0,0,0,0,0,"2023-11-06"
"984",466,"12","a",5,0,0,0,0,0,0,0,0,0,"2023-11-06"
"985",467,"8","a",3,3,0,0,0,0,0,0,0,0,"2023-11-06"
"986",467,"13","a",6,0,0,0,0,0,0,0,0,0,"2023-11-06"
"987",468,"9","a",2,3,0,0,0,0,0,0,0,0,"2023-11-06"
"988",468,"0","a",2,0,0,0,0,0,0,0,0,0,"2023-11-06"
"989",469,"8","a",6,3,0,0,0,0,0,0,0,0,"2023-11-06"
"990",469,"13","a",3,0,0,0,0,0,0,0,0,0,"2023-11-06"
"991",470,"9","a",3,3,0,0,0,0,0,0,0,0,"2023-11-06"
"992",471,"8","a",5,3,0,0,0,0,0,0,0,0,"2023-11-06"
"993",472,"7","a",2,4,0,0,0,0,0,0,0,0,"2023-11-06"
"994",472,"10","a",9,3,0,0,0,0,0,0,0,0,"2023-11-06"
"995",473,"8","a",3,2,2,0,0,0,0,0,0,0,"2023-11-06"
"996",473,"11","a",6,2,0,0,0,0,0,0,0,0,"2023-11-06"
"997",474,"8","a",5,3,0,0,0,0,0,0,0,0,"2023-11-06"
"998",474,"11","a",5,2,0,0,0,0,0,0,0,0,"2023-11-06"
"999",475,"8","a",4,3,2,0,0,0,0,0,0,0,"2023-11-06"
"1000",475,"12","a",4,3,0,0,0,0,0,0,0,0,"2023-11-06"
"1001",476,"7","a",7,3,4,2,0,0,0,0,0,0,"2023-11-06"
"1002",476,"11","a",8,0,0,0,0,0,0,0,0,0,"2023-11-06"
"1003",477,"8","a",2,2,0,0,0,0,0,0,0,0,"2023-11-06"
"1004",477,"13","a",13,0,0,0,0,0,0,0,0,0,"2023-11-06"
"1005",478,"11","a",6,3,0,0,0,0,0,0,0,0,"2023-11-06"
"1006",478,"14","a",5,0,0,0,0,0,0,0,0,0,"2023-11-06"
"1007",479,"8","a",3,2,2,0,0,0,0,0,0,0,"2023-11-06"
"1008",479,"13","a",10,0,0,0,0,0,0,0,0,0,"2023-11-06"
"1009",480,"9","a",3,2,2,0,0,0,0,0,0,0,"2023-11-06"
"1010",480,"15","a",6,0,0,0,0,0,0,0,0,0,"2023-11-06"
"1011",481,"9","a",4,5,0,0,0,0,0,0,0,0,"2023-11-06"
"1012",481,"12","a",8,1,0,0,0,0,0,0,0,0,"2023-11-06"
"1013",482,"9","a",3,4,0,0,0,0,0,0,0,0,"2023-11-06"
"1014",482,"13","a",11,1,0,0,0,0,0,0,0,0,"2023-11-06"
"1015",483,"9","a",2,5,0,0,0,0,0,0,0,0,"2023-11-06"
"1016",483,"12","a",5,0,0,0,0,0,0,0,0,0,"2023-11-06"
"1017",484,"9","a",4,4,0,0,0,0,0,0,0,0,"2023-11-06"
"1018",484,"13","a",4,3,0,0,0,0,0,0,0,0,"2023-11-06"
"1019",484,"16","a",5,0,0,0,0,0,0,0,0,0,"2023-11-06"
"1020",485,"10","a",2,4,1,0,0,0,0,0,0,0,"2023-11-06"
"1021",485,"13","a",5,2,0,0,0,0,0,0,0,0,"2023-11-06"
"726",366,"9","a",0,0,0,0,0,0,0,6,0,0,"2023-10-27"
"727",366,"13","a",0,0,0,0,1,3,0,3,0,0,"2023-10-27"
"728",367,"10","a",0,0,0,0,0,0,0,5,0,0,"2023-10-27"
"729",367,"13","A.1",0,0,0,0,0,0,2,5,0,2,"2023-10-27"
"730",367,"13","A.2",0,1,2,3,0,0,0,0,0,5,"2023-10-27"
"731",368,"0","0",0,0,0,0,0,0,0,0,0,0,"2023-10-27"
"732",369,"10","a",0,0,0,0,1,0,1,5,0,0,"2023-10-27"
"733",370,"10","A.1",0,0,0,0,1,2,0,3,0,5,"2023-10-27"
"734",370,"10","A.2",1,0,4,0,2,0,1,0,0,3,"2023-10-27"
"735",370,"10","A.3",0,0,1,2,0,2,0,0,0,3,"2023-10-27"
"736",370,"13","A.1",0,0,0,0,0,0,0,2,0,2,"2023-10-27"
"737",370,"13","A.2",0,0,0,0,0,0,0,3,0,2,"2023-10-27"
"738",370,"13","A.3",0,0,0,0,4,0,0,0,0,3,"2023-10-27"
"739",370,"13","A.4",0,0,1,1,0,1,0,0,0,3,"2023-10-27"
"740",371,"10","A.1",0,0,0,0,0,3,0,0,0,2,"2023-10-27"
"741",371,"10","A.2",0,0,0,0,1,2,0,0,0,5,"2023-10-27"
"742",371,"10","A.3",1,1,2,1,0,0,0,4,0,3,"2023-10-27"
"743",371,"10","A.4",2,0,2,4,0,0,0,0,0,5,"2023-10-27"
"744",371,"10","A.5",9,5,0,0,0,0,0,0,0,0,"2023-10-27"
"745",371,"13","A.1",0,0,0,0,1,3,2,2,0,1,"2023-10-27"
"746",372,"10","a",0,0,0,0,0,0,0,6,0,0,"2023-10-27"
"747",373,"15","a",0,0,0,0,0,3,0,1,0,0,"2023-10-27"
"748",373,"19","A.1",0,0,0,0,1,2,0,2,0,5,"2023-10-27"
"749",373,"19","A.2",0,2,2,3,2,1,0,0,0,6,"2023-10-27"
"750",373,"19","A.3",5,2,2,0,0,0,0,0,0,3,"2023-10-27"
"751",373,"19","A.4",9,0,0,0,0,0,0,0,0,4,"2023-10-27"
"752",374,"10","a",0,0,0,0,0,0,2,6,0,0,"2023-10-27"
"753",375,"9","a",0,0,0,0,0,0,2,2,0,0,"2023-10-27"
"754",375,"14","a",0,0,0,0,0,0,0,2,0,0,"2023-10-27"
"755",376,"9","a",0,0,0,0,1,0,0,4,0,0,"2023-10-27"
"756",377,"9","A.1",0,0,0,0,0,0,0,0,0,6,"2023-10-27"
"757",377,"11","A.1",0,0,0,0,1,2,2,2,0,1,"2023-10-27"
"758",377,"11","A.2",0,1,0,2,2,0,0,0,0,3,"2023-10-27"
"759",377,"11","A.3",3,0,0,0,0,0,0,0,0,0,"2023-10-27"
"760",378,"10","a",0,0,0,0,0,0,1,5,0,0,"2023-10-27"
"761",379,"0","0",0,0,0,0,0,0,0,0,0,0,"2023-10-27"
"762",380,"10","A.1",0,0,0,0,0,1,2,4,0,7,"2023-10-27"
"763",380,"10","A.2",0,0,1,1,1,2,2,0,0,3,"2023-10-27"
"764",380,"10","A.3",5,2,0,0,0,0,0,0,0,2,"2023-10-27"
"765",381,"9","a",0,0,0,0,0,0,1,3,0,0,"2023-10-27"
"766",382,"13","A.1",0,0,0,0,0,2,0,3,0,1,"2023-10-27"
"767",382,"13","A.2",0,0,0,0,0,3,0,4,0,6,"2023-10-27"
"768",382,"13","A.3",2,3,2,0,0,0,0,0,0,4,"2023-10-27"
"769",383,"10","a",0,0,0,0,0,1,0,4,0,0,"2023-10-27"
"770",384,"11","A.1",0,0,0,0,5,1,0,0,0,2,"2023-10-27"
"771",384,"11","A.2",0,0,0,0,0,0,0,4,0,3,"2023-10-27"
"772",384,"11","A.3",0,0,0,0,4,1,0,0,0,5,"2023-10-27"
"773",384,"11","A.4",2,2,0,0,0,0,0,0,0,3,"2023-10-27"
"774",384,"11","A.5",2,2,0,0,0,0,0,0,0,1,"2023-10-27"
"775",384,"14","A.1",0,0,0,0,2,1,0,5,0,2,"2023-10-27"
"776",384,"14","A.2",0,0,0,0,3,3,0,5,0,1,"2023-10-27"
"777",385,"10","a",0,0,0,0,0,0,1,5,0,0,"2023-10-27"
"778",386,"10","a",1,6,0,0,0,0,0,0,0,0,"2023-10-27"
"779",386,"13","a",5,4,0,0,0,0,0,0,0,0,"2023-10-27"
"780",387,"9","a",2,3,1,1,0,0,0,0,0,0,"2023-10-27"
"781",387,"12","a",2,4,0,0,0,0,0,0,0,0,"2023-10-27"
"782",388,"9","a",3,3,0,0,0,0,0,0,0,0,"2023-10-27"
"783",388,"13","a",3,3,0,0,0,0,0,0,0,0,"2023-10-27"
"784",388,"15","a",7,0,0,0,0,0,0,0,0,0,"2023-10-27"
"785",388,"18","a",5,0,0,0,0,0,0,0,0,0,"2023-10-27"
"786",389,"8","a",6,2,0,1,0,0,0,0,0,0,"2023-10-27"
"787",389,"11","a",3,4,0,0,0,0,0,0,0,0,"2023-10-27"
"788",389,"15","a",5,0,0,2,0,0,0,0,0,0,"2023-10-27"
"789",390,"9","A",3,2,0,0,0,0,0,0,0,1,"2023-10-27"
"790",390,"12","A",3,2,0,0,0,0,0,0,0,1,"2023-10-27"
"791",390,"15","a",5,0,0,0,0,0,0,0,0,0,"2023-10-27"
"792",391,"9","a",3,3,0,0,0,0,0,0,0,0,"2023-10-27"
"793",391,"11","a",2,4,0,0,0,0,0,0,0,0,"2023-10-27"
"794",391,"14","a",4,0,0,0,0,0,0,0,0,0,"2023-10-27"
"795",392,"9","a",0,5,0,0,0,0,0,0,0,0,"2023-10-27"
"796",392,"11","a",2,4,0,0,0,0,0,0,0,0,"2023-10-27"
"797",392,"14","a",5,0,0,0,0,0,0,0,0,0,"2023-10-27"
"798",393,"10","a",2,3,0,1,0,0,0,0,0,0,"2023-10-27"
"799",393,"14","a",5,5,0,0,0,0,0,0,0,0,"2023-10-27"
"800",394,"10","a",3,4,0,0,0,0,0,0,0,0,"2023-10-27"
"801",394,"14","a",3,4,0,0,0,0,0,0,0,0,"2023-10-27"
"802",394,"17","a",5,0,0,0,0,0,0,0,0,0,"2023-10-27"
"803",395,"9","a",2,3,1,2,0,0,0,0,0,0,"2023-10-27"
"821",401,"13","A.2",5,0,0,0,0,0,0,0,0,1,"2023-10-27"
"822",401,"17","a",5,2,0,0,0,0,0,0,0,0,"2023-10-27"
"823",402,"9","a",2,3,0,1,0,0,0,0,0,0,"2023-10-27"
"824",402,"13","a",8,2,0,0,0,0,0,0,0,0,"2023-10-27"
"825",403,"9","a",0,3,0,2,0,0,0,0,0,0,"2023-10-27"
"826",403,"12","a",0,5,0,0,0,0,0,0,0,0,"2023-10-27"
"827",403,"14","a",7,3,0,0,0,0,0,0,0,0,"2023-10-27"
"828",403,"17","a",4,7,0,0,0,0,0,0,0,1,"2023-10-27"
"829",404,"8","a",0,0,0,0,2,0,0,0,0,1,"2023-10-27"
"830",404,"11","a",4,3,0,0,0,0,0,0,0,0,"2023-10-27"
"831",404,"15","a",3,6,0,0,0,0,0,0,0,0,"2023-10-27"
"832",405,"9","a",2,4,0,2,0,0,0,0,0,0,"2023-10-27"
"833",405,"13","a",0,3,0,0,0,0,0,0,0,0,"2023-10-27"
"834",405,"16","a",10,3,0,0,0,0,0,0,0,0,"2023-10-27"
"835",406,"8","a",4,1,0,0,0,0,0,0,0,0,"2023-10-27"
"836",407,"8","a",3,2,0,0,0,0,0,0,0,0,"2023-10-27"
"837",408,"8","a",3,3,0,0,0,0,0,0,0,0,"2023-10-27"
"838",409,"8","a",3,3,0,0,0,0,0,0,0,0,"2023-10-27"
"839",410,"10","a",6,0,0,0,0,0,0,0,0,0,"2023-10-27"
"840",411,"7","a",4,3,0,0,0,0,0,0,0,0,"2023-10-27"
"841",412,"8","a",2,4,0,0,0,0,0,0,0,0,"2023-10-27"
"842",413,"7","a",4,3,0,0,0,0,0,0,0,0,"2023-10-27"
"843",414,"8","a",4,3,0,0,0,0,0,0,0,0,"2023-10-27"
"844",415,"8","a",3,3,0,0,0,0,0,0,0,0,"2023-10-27"
"845",416,"8","a",4,3,0,0,0,0,0,0,0,0,"2023-10-27"
"846",417,"8","a",0,4,0,0,0,0,0,0,0,0,"2023-10-27"
"847",418,"9","a",5,0,0,0,0,0,0,0,0,0,"2023-10-27"
"848",419,"8","a",3,3,0,0,0,0,0,0,0,0,"2023-10-27"
"849",420,"9","a",5,1,0,0,0,0,0,0,0,0,"2023-10-27"
"850",421,"8","a",3,4,0,0,0,0,0,0,0,0,"2023-10-27"
"851",422,"8","a",3,2,0,0,0,0,0,0,0,0,"2023-10-27"
"852",423,"9","a",3,4,0,0,0,0,0,0,0,0,"2023-10-27"
"853",424,"9","a",2,5,0,0,0,0,0,0,0,0,"2023-10-27"
"854",425,"9","a",4,3,0,0,0,0,0,0,0,0,"2023-10-27"
"1086",508,"16","a",0,2,3,3,0,0,0,0,0,0,"2023-11-09"
"1087",508,"22","a",10,6,0,0,0,0,0,0,0,0,"2023-11-09"
"1088",509,"9","a",0,0,2,6,0,0,0,1,0,0,"2023-11-09"
"1089",509,"11","A",0,1,2,5,0,0,0,0,0,1,"2023-11-09"
"1090",509,"14","a",0,3,3,3,2,0,0,0,0,0,"2023-11-09"
"1091",509,"18","a",0,6,2,0,0,0,0,0,0,0,"2023-11-09"
"1092",510,"9","a",0,1,1,4,2,0,0,0,0,0,"2023-11-09"
"1093",510,"12","A1",2,1,2,3,0,0,0,0,0,0,"2023-11-09"
"1094",510,"12","A2",3,3,2,0,0,0,0,0,0,0,"2023-11-09"
"1095",510,"12","A3",7,0,0,0,0,0,0,0,0,0,"2023-11-09"
"1096",510,"15","A",2,3,3,2,0,0,0,0,0,1,"2023-11-09"
"1097",511,"12","A",0,0,3,3,0,0,0,0,0,1,"2023-11-09"
"1098",511,"15","a",5,3,2,0,0,0,0,0,0,0,"2023-11-09"
"1099",511,"18","a",7,2,0,0,0,0,0,0,0,0,"2023-11-09"
"1100",512,"10","A",0,0,1,5,0,0,0,0,0,1,"2023-11-09"
"1101",512,"13","a",2,1,2,3,0,0,0,0,0,0,"2023-11-09"
"1102",512,"16","A1",2,3,2,3,0,0,0,0,0,2,"2023-11-09"
"1103",512,"16","A2",7,1,1,0,0,0,0,0,0,0,"2023-11-09"
"1104",512,"19","a",5,3,0,0,0,0,0,0,0,3,"2023-11-09"
"1105",512,"22","a",6,0,0,0,0,0,0,0,0,0,"2023-11-09"
"1106",513,"10","a",0,0,1,3,0,0,0,1,0,0,"2023-11-09"
"1107",513,"13","a",2,2,4,6,1,0,0,0,0,0,"2023-11-09"
"1108",513,"16.1","a",8,3,3,0,0,0,0,0,0,0,"2023-11-09"
"1109",513,"17.1","a",5,3,0,0,0,0,0,0,0,0,"2023-11-09"
"1110",513,"16.1","a",1,2,2,4,0,0,0,0,0,0,"2023-11-09"
"1111",513,"19.1","a",2,5,0,0,0,0,0,0,0,0,"2023-11-09"
"1112",514,"10","a",0,3,0,4,0,0,0,0,0,0,"2023-11-09"
"1113",514,"12","a",1,1,2,6,0,0,0,0,0,0,"2023-11-09"
"1114",514,"15","a",3,3,2,2,0,0,0,0,0,0,"2023-11-09"
"1115",514,"19","a",12,4,0,0,0,0,0,0,0,0,"2023-11-09"
"1116",514,"21","a",5,0,0,0,0,0,0,0,0,0,"2023-11-09"
"1117",515,"10","a",0,0,0,4,0,0,1,2,0,0,"2023-11-09"
"1118",515,"13","a",0,3,4,5,1,0,0,0,0,0,"2023-11-09"
"1119",515,"17","a",3,3,4,2,0,0,0,0,0,0,"2023-11-09"
"1120",515,"20","a",12,1,0,0,0,0,0,0,0,0,"2023-11-09"
"1121",516,"8","a",0,0,0,4,0,0,1,2,0,0,"2023-11-09"
"1122",516,"12","a",1,1,1,4,1,1,0,0,0,0,"2023-11-09"
"1123",516,"15","A",3,3,1,3,0,0,0,0,0,1,"2023-11-09"
"1124",516,"18","a",6,0,0,0,0,0,0,0,0,0,"2023-11-09"
"1125",517,"9","A",0,0,1,3,1,0,1,1,0,1,"2023-11-09"
"1126",517,"12","a",1,1,2,5,0,0,0,0,0,0,"2023-11-09"
"1127",517,"15","a",4,2,3,2,0,0,0,0,0,0,"2023-11-09"
"1128",517,"19","a",7,3,0,0,0,0,0,0,0,0,"2023-11-09"
"1135",519,"12","a",1,2,3,4,1,0,0,0,0,0,"2023-11-09"
"1136",519,"15","a",0,4,3,0,0,0,0,0,0,0,"2023-11-09"
"1137",519,"18","a",7,3,0,0,0,0,0,0,0,0,"2023-11-09"
"1138",520,"9","a",4,0,0,1,0,0,0,0,0,0,"2023-11-09"
"1139",520,"12","a",3,4,5,8,0,0,0,0,0,0,"2023-11-09"
"1140",520,"16","a",4,4,4,0,0,0,0,0,0,0,"2023-11-09"
"1141",520,"19","a",6,4,0,0,0,0,0,0,0,0,"2023-11-09"
"1142",521,"9","a",0,0,0,3,3,0,0,3,0,0,"2023-11-09"
"1143",521,"12","A1",5,0,2,4,1,0,0,0,0,0,"2023-11-09"
"1144",521,"12","A2",1,3,3,1,0,0,0,0,0,7,"2023-11-09"
"1145",521,"16","a",3,2,2,3,0,0,0,0,0,0,"2023-11-09"
"1146",521,"19","a",6,7,0,0,0,0,0,0,0,0,"2023-11-09"
"1147",522,"9","a",1,1,1,3,0,0,1,0,0,0,"2023-11-09"
"1148",522,"12","a",7,1,4,6,1,0,0,0,0,0,"2023-11-09"
"1149",522,"16","a",0,0,3,0,0,0,0,0,0,0,"2023-11-09"
"1150",522,"19","a",10,7,3,0,0,0,0,0,0,0,"2023-11-09"
"1151",523,"9","a",0,0,0,3,2,2,1,0,0,0,"2023-11-09"
"1152",523,"12","a",0,0,0,0,2,1,0,0,0,0,"2023-11-09"
"1153",523,"14","a",5,3,8,6,0,0,0,0,0,0,"2023-11-09"
"1154",523,"17","a",3,3,2,0,0,0,0,0,0,0,"2023-11-09"
"1155",523,"20","a",7,3,0,0,0,0,0,0,0,0,"2023-11-09"
"1156",524,"8","A",0,0,1,1,2,0,2,0,0,1,"2023-11-09"
"1157",524,"11","A",0,2,2,5,1,1,1,1,0,2,"2023-11-09"
"1158",524,"15","a",3,1,4,4,0,0,0,0,0,0,"2023-11-09"
"1159",524,"18","a",4,3,1,2,0,0,0,0,0,0,"2023-11-09"
"1160",524,"21","a",5,4,0,0,0,0,0,0,0,0,"2023-11-09"
"1161",525,"9","a",0,0,0,3,3,0,0,1,0,0,"2023-11-09"
"1162",525,"12","a",7,5,2,0,0,0,0,0,0,0,"2023-11-09"
"1163",525,"16","a",6,2,0,0,0,0,0,0,0,0,"2023-11-09"
"1164",525,"19","a",5,0,0,0,0,0,0,0,0,0,"2023-11-09"
"1165",526,"8","a",2,1,3,2,0,0,0,0,0,0,"2023-11-09"
"1166",526,"10","a",6,3,0,0,0,0,0,0,0,0,"2023-11-09"
"1167",526,"14","a",6,0,0,0,0,0,0,0,0,0,"2023-11-09"
"1168",527,"8","a",0,2,2,2,0,0,0,0,0,0,"2023-11-09"
"1169",527,"12","a",3,6,0,0,0,0,0,0,0,0,"2023-11-09"
"1170",527,"14","a",7,2,0,0,0,0,0,0,0,0,"2023-11-09"
"1171",528,"10","a",0,3,2,3,0,0,0,0,0,0,"2023-11-09"
"1172",528,"14","a",4,4,0,0,0,0,0,0,0,0,"2023-11-09"
"1173",529,"7","a",0,1,2,4,0,0,0,0,0,0,"2023-11-09"
"1174",529,"11","a",5,5,0,0,0,0,0,0,0,0,"2023-11-09"
"1175",529,"13","a",6,0,0,0,0,0,0,0,0,0,"2023-11-09"
"1176",530,"10","a",2,2,2,0,0,0,0,0,0,0,"2023-11-09"
"1177",530,"13","a",4,4,0,0,0,0,0,0,0,0,"2023-11-09"
"1178",530,"17","a",4,0,0,0,0,0,0,0,0,0,"2023-11-09"
"1179",531,"8","a",2,2,2,3,0,0,0,0,0,0,"2023-11-09"
"1180",531,"12","a",4,5,0,0,0,0,0,0,0,0,"2023-11-09"
"1181",531,"15","a",6,1,0,0,0,0,0,0,0,0,"2023-11-09"
"1182",532,"9","A",1,2,2,4,0,0,0,0,0,1,"2023-11-09"
"1183",532,"12","a",6,5,2,0,0,0,0,0,0,0,"2023-11-09"
"1184",532,"16","a",6,2,0,0,0,0,0,0,0,0,"2023-11-09"
"1185",532,"18","a",5,0,0,0,0,0,0,0,0,0,"2023-11-09"
"1186",533,"9","a",2,3,1,3,1,0,0,0,0,0,"2023-11-09"
"1187",533,"12","a",4,4,2,0,0,0,0,0,0,0,"2023-11-09"
"1188",533,"16","a",10,2,0,0,0,0,0,0,0,0,"2023-11-09"
"1189",534,"8","a",1,3,2,4,0,0,0,0,0,0,"2023-11-09"
"1190",534,"12","a",6,5,0,0,0,0,0,0,0,0,"2023-11-09"
"1191",534,"15","a",11,1,0,0,0,0,0,0,0,0,"2023-11-09"
"1192",535,"8","a",1,1,2,4,0,0,0,0,0,0,"2023-11-09"
"1193",535,"12","a",2,6,0,0,0,0,0,0,0,0,"2023-11-09"
"1194",535,"15","a",10,0,0,0,0,0,0,0,0,0,"2023-11-09"
"1195",536,"9","a",0,0,2,5,0,0,0,0,0,0,"2023-11-09"
"1196",536,"13","a",2,6,2,0,0,0,0,0,0,0,"2023-11-09"
"1197",536,"16","a",9,0,0,0,0,0,0,0,0,0,"2023-11-09"
"1198",537,"8","a",4,1,1,3,0,0,0,0,0,0,"2023-11-09"
"1199",537,"13","A1",7,2,0,0,0,0,0,0,0,0,"2023-11-09"
"1200",537,"13","A2",4,5,0,0,0,0,0,0,0,0,"2023-11-09"
"1201",537,"14","A1",10,0,0,0,0,0,0,0,0,0,"2023-11-09"
"1202",538,"10","a",4,2,2,2,0,0,0,0,0,0,"2023-11-09"
"1203",538,"13","a",5,5,0,0,0,0,0,0,0,0,"2023-11-09"
"1204",538,"16","a",10,0,0,0,0,0,0,0,0,0,"2023-11-09"
"1205",539,"8","a",2,1,1,4,0,0,0,0,0,0,"2023-11-09"
"1206",539,"13","a",4,4,0,0,0,0,0,0,0,0,"2023-11-09"
"1207",539,"14","a",4,3,0,0,0,0,0,0,0,0,"2023-11-09"
"1208",539,"16","a",6,0,0,0,0,0,0,0,0,0,"2023-11-09"
"1209",540,"9","a",1,1,2,3,0,0,0,0,0,0,"2023-11-09"
"1210",540,"14","a",4,4,0,0,0,0,0,0,0,0,"2023-11-09"
"1211",540,"17","a",6,0,0,0,0,0,0,0,0,0,"2023-11-09"
"1212",541,"9","a",4,2,1,4,0,0,0,0,0,0,"2023-11-09"
"1213",541,"12","a",6,6,0,0,0,0,0,0,0,0,"2023-11-09"
"1214",541,"15","a",5,0,0,0,0,0,0,0,0,0,"2023-11-09"
"1215",542,"9","a",3,0,2,2,2,0,0,0,0,0,"2023-11-09"
"1216",542,"13","a",9,9,0,0,0,0,0,0,0,0,"2023-11-09"
"1217",542,"16","a",11,1,0,0,0,0,0,0,0,0,"2023-11-09"
"1218",543,"9","a",1,2,2,3,0,0,0,0,0,0,"2023-11-09"
"1219",543,"12","a",5,4,0,0,0,0,0,0,0,0,"2023-11-09"
"1220",543,"15","a",6,0,0,0,0,0,0,0,0,0,"2023-11-09"
"1221",544,"9","a",2,1,1,3,2,0,0,0,0,0,"2023-11-09"
"1222",544,"13","a",3,4,4,0,0,0,0,0,0,0,"2023-11-09"
"1223",544,"15","a",6,2,0,0,0,0,0,0,0,0,"2023-11-09"
"1224",544,"18","a",9,0,0,0,0,0,0,0,0,0,"2023-11-09"
"1225",545,"10","a",1,2,2,2,1,0,0,0,0,0,"2023-11-09"
"1226",545,"13","a",5,5,0,0,0,0,0,0,0,0,"2023-11-09"
"1227",545,"16","a",10,0,0,0,0,0,0,0,0,0,"2023-11-09"
"1528",615,"10","a",0,0,0,0,0,2,0,3,0,0,"2023-12-04"
"1529",615,"13","a",0,0,0,0,0,6,0,5,0,0,"2023-12-04"
"1530",615,"16","a",0,0,0,0,0,0,0,3,0,0,"2023-12-04"
"1531",616,"9","a",0,0,0,0,1,0,0,7,0,0,"2023-12-04"
"1532",616,"13","A",0,0,0,0,0,2,2,4,0,1,"2023-12-04"
"1533",616,"17","A",0,1,3,2,2,1,1,2,0,3,"2023-12-04"
"1534",617,"10","a",0,1,0,0,0,2,1,2,0,0,"2023-12-04"
"1535",617,"13","a",0,0,0,0,1,1,0,5,0,0,"2023-12-04"
"1536",617,"16","a",0,0,0,0,3,1,0,3,0,0,"2023-12-04"
"1537",618,"9","a",0,0,0,0,0,0,1,7,0,0,"2023-12-04"
"1538",618,"11","A",0,0,0,0,5,0,0,4,0,2,"2023-12-04"
"1539",618,"14","a",0,1,0,0,5,1,2,2,0,0,"2023-12-04"
"1540",619,"9","a",0,0,0,0,1,0,1,5,0,0,"2023-12-04"
"1541",619,"12","S1",0,0,0,0,3,3,0,4,0,3,"2023-12-04"
"1542",619,"12","S2",0,0,0,0,0,3,0,0,0,0,"2023-12-04"
"1543",619,"12","S3",0,0,0,1,1,2,2,3,0,0,"2023-12-04"
"1544",620,"12","A",0,0,0,0,0,0,0,6,0,0,"2023-12-04"
"1545",620,"15","a",0,0,1,1,1,2,1,5,0,0,"2023-12-04"
"1546",621,"10","A",0,0,0,0,0,0,0,4,0,1,"2023-12-04"
"1547",621,"13","a",0,0,0,0,4,0,1,4,0,0,"2023-12-04"
"1548",621,"16","A1",0,0,0,0,2,0,0,5,0,9,"2023-12-04"
"1549",621,"16","A2",0,0,0,0,1,1,1,2,0,2,"2023-12-04"
"1550",621,"16","A3",0,0,1,2,1,1,0,0,0,1,"2023-12-04"
"1551",622,"10","a",0,0,0,0,0,0,0,4,0,0,"2023-12-04"
"1552",622,"13","a",0,0,0,0,2,2,0,6,0,0,"2023-12-04"
"1553",623,"10","a",0,0,0,0,0,3,0,0,0,0,"2023-12-04"
"1554",624,"10","a",0,0,0,0,0,0,0,6,0,0,"2023-12-04"
"1555",624,"13","a",0,0,0,0,3,3,0,6,0,0,"2023-12-04"
"1556",624,"17","a",0,1,0,0,3,3,1,2,0,0,"2023-12-04"
"1557",624,"20","a",0,0,0,2,8,0,1,2,0,0,"2023-12-04"
"1558",625,"8","a",0,0,0,0,1,0,1,5,0,0,"2023-12-04"
"1559",625,"12","a",0,0,0,2,1,2,0,5,0,0,"2023-12-04"
"1560",626,"9","A",0,0,0,0,2,0,0,5,0,0,"2023-12-04"
"1561",626,"12","a",0,0,0,0,4,0,0,5,0,0,"2023-12-04"
"1562",627,"8","a",0,0,0,0,4,0,0,2,0,0,"2023-12-04"
"1563",627,"11","a",0,0,0,0,5,1,0,7,0,0,"2023-12-04"
"1564",627,"15","a",0,0,0,0,5,0,0,4,0,0,"2023-12-04"
"1565",628,"9","a",0,0,0,0,0,1,0,7,0,0,"2023-12-04"
"1566",628,"12","a",0,0,0,0,5,0,0,5,0,0,"2023-12-04"
"1567",628,"15","a",0,0,0,0,1,0,1,1,0,0,"2023-12-04"
"1568",629,"9","a",0,0,0,0,1,0,0,1,0,0,"2023-12-04"
"1569",629,"12","a",0,1,1,1,8,2,0,7,0,0,"2023-12-04"
"1570",630,"9","a",0,0,0,0,0,0,3,6,0,0,"2023-12-04"
"1571",630,"12","A1",0,0,0,0,1,1,1,5,0,4,"2023-12-04"
"1572",630,"12","A1",0,0,0,0,4,1,0,2,0,0,"2023-12-04"
"1573",630,"16","a",0,0,0,0,4,2,0,5,0,0,"2023-12-04"
"1574",631,"9","a",0,0,0,0,0,0,0,4,0,0,"2023-12-04"
"1575",631,"12","A",0,0,0,1,5,2,1,5,0,1,"2023-12-04"
"1576",631,"16","a",0,0,0,0,8,3,2,4,0,0,"2023-12-04"
"1577",631,"16","b",0,0,0,0,5,1,0,2,0,0,"2023-12-04"
"1578",632,"9","a",2,0,0,1,0,0,2,6,0,0,"2023-12-04"
"1579",632,"12","a",0,0,0,0,0,0,0,2,0,0,"2023-12-04"
"1580",632,"14","a",1,0,0,0,7,0,2,6,0,0,"2023-12-04"
"1581",632,"17","a",0,0,0,0,5,2,0,2,0,0,"2023-12-04"
"1582",633,"8","A",0,0,0,0,1,0,1,3,0,3,"2023-12-04"
"1583",633,"11","A",0,0,0,0,3,1,0,8,0,2,"2023-12-04"
"1584",633,"15","a",0,0,1,0,1,1,0,0,0,0,"2023-12-04"
"1585",634,"9","a",0,0,0,0,0,0,0,7,0,0,"2023-12-04"
"1586",634,"12","a",0,0,0,0,0,0,0,3,0,0,"2023-12-04"
"1587",634,"16","a",0,0,0,0,6,0,2,9,0,0,"2023-12-04"
"1588",635,"8","a",1,0,0,0,5,0,0,2,0,0,"2023-12-04"
"1589",635,"11","a",0,0,0,0,6,1,0,2,0,0,"2023-12-04"
"1590",635,"15","a",0,0,1,0,5,1,1,0,0,0,"2023-12-04"
"1591",636,"8","a",0,0,0,0,1,3,0,3,0,0,"2023-12-04"
"1592",636,"12","a",0,0,0,0,8,0,0,1,0,0,"2023-12-04"
"1593",636,"14","a",0,0,0,1,6,0,0,1,0,0,"2023-12-04"
"1594",637,"10","a",0,0,0,0,0,3,2,2,0,0,"2023-12-04"
"1595",637,"14","a",0,0,0,1,6,1,1,1,0,0,"2023-12-04"
"1596",637,"18","a",0,0,1,0,5,2,0,0,0,0,"2023-12-04"
"1597",638,"8","a",0,0,0,0,0,1,1,3,0,0,"2023-12-04"
"1598",638,"13","a",0,0,0,0,3,2,0,3,0,0,"2023-12-04"
"1599",638,"16","a",0,0,0,1,4,1,0,1,0,0,"2023-12-04"
"1600",639,"9","a",1,0,1,0,2,1,0,3,0,0,"2023-12-04"
"1601",639,"12","a",0,0,0,0,2,6,0,1,0,0,"2023-12-04"
"1602",639,"16","a",0,0,0,1,4,2,0,1,0,0,"2023-12-04"
"1603",640,"9","a",0,0,0,0,1,3,0,3,0,0,"2023-12-04"
"1604",640,"13","A",0,0,0,0,2,3,0,4,0,1,"2023-12-04"
"1605",640,"16","a",0,0,1,1,7,0,1,0,0,0,"2023-12-04"
"1606",641,"9","A",0,0,0,0,0,2,2,2,0,1,"2023-12-04"
"1607",641,"12","a",0,0,0,1,1,3,11,0,0,0,"2023-12-04"
"1608",642,"9","A",0,0,0,0,3,2,0,4,0,1,"2023-12-04"
"1609",642,"12","A",0,5,1,0,0,0,0,0,0,8,"2023-12-04"
"1610",642,"16","a",0,0,1,0,7,0,0,0,0,0,"2023-12-04"
"1611",642,"18","a",0,0,0,1,8,4,0,0,0,0,"2023-12-04"
"1612",643,"8","a",0,0,0,0,2,2,0,5,0,0,"2023-12-04"
"1613",643,"12","a",0,0,0,0,6,4,0,1,0,0,"2023-12-04"
"1614",643,"15","a",0,0,3,4,11,0,0,0,0,0,"2023-12-04"
"1615",643,"18","a",0,0,2,4,4,4,0,0,0,0,"2023-12-04"
"1616",644,"8","a",0,0,0,0,4,1,0,3,0,0,"2023-12-04"
"1617",644,"12","A1",0,0,0,0,9,0,0,0,0,0,"2023-12-04"
"1618",644,"15","a",0,0,1,2,10,2,0,0,0,0,"2023-12-04"
"1619",645,"9","a",0,0,1,0,1,3,4,0,0,0,"2023-12-04"
"1620",645,"13","A",0,0,0,3,9,0,0,0,0,4,"2023-12-04"
"1621",645,"13","a",0,0,0,0,3,3,0,1,0,1,"2023-12-04"
"1622",645,"16","A",0,0,0,1,8,0,0,0,0,1,"2023-12-04"
"1623",646,"8","a",0,0,0,0,2,1,1,3,0,0,"2023-12-04"
"1624",646,"13","A1",0,0,0,0,3,2,2,1,0,0,"2023-12-04"
"1625",646,"13","A2",0,0,0,0,0,6,1,1,0,0,"2023-12-04"
"1626",647,"10","a",0,0,0,0,1,2,1,4,0,0,"2023-12-04"
"1627",647,"13","A",0,0,1,0,5,0,0,4,0,1,"2023-12-04"
"1628",647,"16","a",0,0,0,0,3,2,0,1,0,0,"2023-12-04"
"1629",648,"8","a",0,0,0,0,0,2,0,3,0,0,"2023-12-04"
"1630",648,"13","a",0,0,0,0,8,0,0,1,0,0,"2023-12-04"
"1631",648,"14","a",0,0,0,0,6,0,0,3,0,0,"2023-12-04"
"1632",648,"16","a",0,0,0,0,3,1,1,0,0,0,"2023-12-04"
"1633",649,"9","a",0,0,0,0,4,0,0,3,0,0,"2023-12-04"
"1634",649,"14","a",0,0,0,0,8,0,0,1,0,0,"2023-12-04"
"1635",650,"9","A",0,0,0,1,5,1,0,4,0,1,"2023-12-04"
"1636",650,"12","A",0,0,0,0,5,1,2,0,0,1,"2023-12-04"
"1637",650,"15","a",0,0,0,1,6,0,1,0,0,0,"2023-12-04"
"1638",650,"17","S1",0,0,2,2,1,3,0,0,0,0,"2023-12-04"
"1639",650,"18","S1",0,0,0,5,3,0,0,0,0,0,"2023-12-04"
"1640",651,"9","a",0,0,0,0,1,2,0,4,0,0,"2023-12-04"
"1641",651,"13","a",0,0,0,0,9,3,0,3,0,0,"2023-12-04"
"1642",651,"16","a",0,0,0,0,8,3,0,2,0,0,"2023-12-04"
"1643",652,"9","a",0,0,0,0,1,2,0,3,0,0,"2023-12-04"
"1644",652,"12","a",0,0,0,0,5,3,1,0,0,0,"2023-12-04"
"1645",652,"15","a",0,0,0,0,3,2,1,0,0,0,"2023-12-04"
"1646",652,"17","a",0,3,3,5,3,0,0,0,0,0,"2023-12-04"
"1647",653,"9","a",0,1,0,1,4,0,0,5,0,0,"2023-12-04"
"1648",653,"13","a",0,0,0,0,0,0,0,2,0,0,"2023-12-04"
"1649",653,"15","a",0,0,0,0,6,3,0,1,0,0,"2023-12-04"
"1650",653,"18","a",0,0,0,0,5,4,0,0,0,0,"2023-12-04"
"1651",654,"10","a",0,0,0,0,3,0,1,3,0,0,"2023-12-04"
"1652",654,"13","a",0,0,0,1,3,0,1,2,0,0,"2023-12-04"
"1653",654,"15","a",0,0,0,2,7,2,0,1,0,0,"2023-12-04"
"1654",654,"17","a",0,0,0,3,3,0,1,0,0,0,"2023-12-04"
"1655",655,"8","a",0,0,0,2,2,0,3,0,0,0,"2023-12-04"
"1656",655,"11","a",0,0,1,3,3,1,0,0,0,0,"2023-12-04"
"1657",655,"15","a",0,3,3,1,0,0,0,0,0,0,"2023-12-04"
"1658",655,"18","a",6,1,0,0,0,0,0,0,0,0,"2023-12-04"
"1659",656,"8","a",0,0,0,2,4,1,1,0,0,0,"2023-12-04"
"1660",656,"11","a",0,1,1,4,1,0,1,0,0,0,"2023-12-04"
"1661",656,"14","a",3,2,1,1,0,0,0,0,0,0,"2023-12-04"
"1662",656,"18","a",7,0,0,0,0,0,0,0,0,0,"2023-12-04"
"1663",657,"7","a",0,0,1,1,4,1,1,0,0,0,"2023-12-04"
"1664",657,"10","a",7,2,5,2,0,0,0,0,0,0,"2023-12-04"
"1665",657,"14","a",6,2,0,0,0,0,0,0,0,0,"2023-12-04"
"1666",658,"7","A",0,0,0,2,4,1,0,0,0,1,"2023-12-04"
"1667",658,"10","a",0,0,0,5,2,0,1,0,0,0,"2023-12-04"
"1668",658,"13","a",4,2,2,4,0,0,0,0,0,0,"2023-12-04"
"1669",658,"16","a",5,1,0,0,0,0,0,0,0,0,"2023-12-04"
"1670",659,"8","a",0,0,0,0,4,2,2,0,0,0,"2023-12-04"
"1671",659,"10","a",0,0,0,1,2,0,0,0,0,0,"2023-12-04"
"1672",659,"14","a",0,4,1,1,0,0,0,0,0,0,"2023-12-04"
"1673",659,"17","a",7,0,0,0,0,0,0,0,0,0,"2023-12-04"
"1674",660,"8","a",0,0,0,2,1,1,4,0,0,0,"2023-12-04"
"1675",660,"11","a",0,0,1,7,0,0,0,0,0,0,"2023-12-04"
"1676",660,"15","a",0,5,4,0,0,0,0,0,0,0,"2023-12-04"
"1677",661,"8","a",0,0,0,3,2,1,2,0,0,0,"2023-12-04"
"1678",661,"11","a",0,1,2,4,2,0,0,0,0,0,"2023-12-04"
"1679",661,"13","a",1,3,3,1,0,0,0,0,0,0,"2023-12-04"
"1680",661,"17","a",0,4,0,3,1,0,0,0,0,0,"2023-12-04"
"1681",662,"8","a",0,0,0,3,3,1,0,0,0,0,"2023-12-04"
"1682",662,"11","a",0,1,0,7,2,0,1,0,0,0,"2023-12-04"
"1683",662,"14","a",3,2,4,4,0,0,0,0,0,0,"2023-12-04"
"1684",662,"18","a",6,2,0,0,0,0,0,0,0,0,"2023-12-04"
"1685",663,"8","a",0,0,0,3,3,2,0,0,0,0,"2023-12-04"
"1686",663,"11","a",0,0,4,7,0,0,0,0,0,0,"2023-12-04"
"1687",663,"14","a",3,3,2,1,0,0,0,0,0,0,"2023-12-04"
"1688",663,"17","a",6,1,0,0,0,0,0,0,0,0,"2023-12-04"
"1689",664,"8","a",0,0,0,2,1,0,3,2,0,0,"2023-12-04"
"1690",664,"11","a",1,1,2,6,1,0,0,1,0,0,"2023-12-04"
"1691",664,"13","a",4,1,6,4,0,0,0,0,0,0,"2023-12-04"
"1692",664,"15","a",3,3,0,0,0,0,0,0,0,0,"2023-12-04"
"1693",665,"7","a",0,0,0,1,4,0,2,0,0,0,"2023-12-04"
"1694",665,"10","a",0,0,1,7,2,0,2,0,0,0,"2023-12-04"
"1695",665,"14","a",0,3,3,2,0,0,0,0,0,0,"2023-12-04"
"1696",665,"18","a",10,0,0,0,0,0,0,0,0,0,"2023-12-04"
"1697",666,"8","a",0,0,0,2,5,0,1,0,0,0,"2023-12-04"
"1698",666,"10","a",1,2,3,3,0,0,0,0,0,0,"2023-12-04"
"1699",666,"13","a",0,3,3,3,0,0,0,0,0,0,"2023-12-04"
"1700",666,"16","a",5,3,0,0,0,0,0,0,0,0,"2023-12-04"
"1701",667,"7","a",1,0,0,2,5,0,1,0,0,0,"2023-12-04"
"1702",667,"10","a",0,0,1,4,2,0,1,0,0,0,"2023-12-04"
"1703",667,"14","a",3,2,4,0,0,0,0,0,0,0,"2023-12-04"
"1704",668,"8","a",0,0,1,1,3,1,1,0,0,0,"2023-12-04"
"1705",668,"11","a",1,1,4,7,2,0,1,0,0,0,"2023-12-04"
"1706",668,"14","a",5,2,3,3,0,0,0,0,0,0,"2023-12-04"
"1707",668,"16","a",6,1,0,0,0,0,0,0,0,0,"2023-12-04"
"1708",669,"8","a",0,1,0,0,2,1,3,0,0,0,"2023-12-04"
"1709",669,"11","a",0,0,1,4,4,0,0,0,0,0,"2023-12-04"
"1710",669,"15","a",5,1,3,1,0,0,0,0,0,0,"2023-12-04"
"1711",669,"17","a",5,1,0,0,0,0,0,0,0,0,"2023-12-04"
"1712",670,"8","a",0,0,0,2,4,0,1,0,0,0,"2023-12-04"
"1713",670,"12","a",0,0,3,3,2,0,0,0,0,0,"2023-12-04"
"1714",670,"15","a",5,2,2,0,0,0,0,0,0,0,"2023-12-04"
"1715",670,"19","a",7,0,0,0,0,0,0,0,0,0,"2023-12-04"
"1716",671,"8","a",0,0,1,3,3,1,0,0,0,0,"2023-12-04"
"1717",671,"11","a",0,0,2,4,2,0,0,0,0,0,"2023-12-04"
"1718",671,"16","a",0,5,2,2,0,0,0,0,0,0,"2023-12-04"
"1719",671,"18","a",7,0,0,0,0,0,0,0,0,0,"2023-12-04"
"1720",672,"8","a",0,0,0,2,1,2,2,0,0,0,"2023-12-04"
"1721",672,"11","a",1,0,2,4,1,0,0,0,0,0,"2023-12-04"
"1722",672,"15","a",6,2,2,0,0,0,0,0,0,0,"2023-12-04"
"1725",673,"11","a",1,0,2,6,0,0,0,0,0,0,"2023-12-04"
"1726",673,"15","a",6,3,4,1,0,0,0,0,0,0,"2023-12-04"
"1727",673,"18","a",12,0,0,0,0,0,0,0,0,0,"2023-12-04"
"1728",674,"9","a",0,0,0,3,1,3,0,0,0,0,"2023-12-04"
"1729",674,"12","a",0,0,2,6,0,0,0,0,0,0,"2023-12-04"
"1730",674,"15","a",4,2,3,2,0,0,0,0,0,0,"2023-12-04"
"1731",674,"18","a",8,0,0,0,0,0,0,0,0,0,"2023-12-04"
"1740",676,"19","a",4,0,0,0,0,0,0,0,0,0,"2023-12-07"
"1741",677,"7","a",0,0,0,2,3,1,1,1,0,0,"2023-12-07"
"1742",677,"10","a",5,3,3,6,0,0,0,0,0,0,"2023-12-07"
"1743",677,"14","a",5,3,0,0,0,0,0,0,0,0,"2023-12-07"
"1744",677,"17","a",5,0,0,0,0,0,0,0,0,0,"2023-12-07"
"1745",678,"7","a",0,0,0,3,1,2,1,1,0,0,"2023-12-07"
"1746",678,"10","a",0,1,3,5,1,0,0,0,0,0,"2023-12-07"
"1747",678,"13","a",3,3,2,0,0,0,0,0,0,0,"2023-12-07"
"1748",678,"15","a",6,0,0,0,0,0,0,0,0,0,"2023-12-07"
"1749",679,"8","a",0,0,0,0,3,1,2,2,0,0,"2023-12-07"
"1750",679,"10","a",0,0,0,1,1,0,0,1,0,0,"2023-12-07"
"1751",679,"14","a",2,1,2,1,0,0,0,0,0,0,"2023-12-07"
"1752",679,"17","a",5,2,0,0,0,0,0,0,0,0,"2023-12-07"
"1753",679,"19","a",4,0,0,0,0,0,0,0,0,0,"2023-12-07"
"1754",680,"8","a",0,0,0,0,2,1,0,4,0,0,"2023-12-07"
"1755",680,"11","a",0,0,0,4,3,0,0,0,0,0,"2023-12-07"
"1756",680,"15","a",5,1,3,0,0,0,0,0,0,0,"2023-12-07"
"1757",680,"18","a",9,0,0,0,0,0,0,0,0,0,"2023-12-07"
"1758",681,"8","a",0,0,0,1,3,0,1,3,0,0,"2023-12-07"
"1759",681,"11","a",0,0,1,3,2,1,1,0,0,0,"2023-12-07"
"1760",681,"14","a",0,2,3,3,0,0,0,0,0,0,"2023-12-07"
"1761",681,"18","a",5,3,0,0,0,0,0,0,0,0,"2023-12-07"
"1762",682,"8","a",0,0,0,1,4,1,0,1,0,0,"2023-12-07"
"1763",682,"11","a",0,0,0,1,4,2,0,2,0,0,"2023-12-07"
"1764",682,"14","a",0,1,6,5,0,1,0,0,0,0,"2023-12-07"
"1765",682,"17","a",2,3,1,0,0,0,0,0,0,0,"2023-12-07"
"1766",683,"8","a",0,0,0,1,2,0,0,3,0,0,"2023-12-07"
"1767",683,"11","a",0,0,2,9,1,0,0,0,0,0,"2023-12-07"
"1768",683,"14","a",3,2,3,2,0,0,0,0,0,0,"2023-12-07"
"1769",683,"17","a",5,3,0,0,0,0,0,0,0,0,"2023-12-07"
"1228",546,"9","a",0,0,0,0,0,0,0,0,6,0,"2023-11-27"
"1229",546,"14","a",0,0,0,0,3,0,0,0,3,0,"2023-11-27"
"1230",547,"8","a",0,0,0,0,0,0,0,2,3,0,"2023-11-27"
"1231",547,"12","A1",0,0,0,0,0,0,0,5,2,2,"2023-11-27"
"1232",547,"12","A2",0,0,0,0,0,1,1,4,0,3,"2023-11-27"
"1233",547,"12","A3",0,1,0,0,0,4,0,0,0,3,"2023-11-27"
"1234",547,"12","A4",0,0,0,1,2,1,0,0,0,3,"2023-11-27"
"1235",548,"12","0",0,0,0,0,0,0,0,0,0,0,"2023-11-27"
"1236",549,"9","a",0,0,0,0,0,0,0,6,1,0,"2023-11-27"
"1237",550,"9","A1",0,0,0,0,0,1,0,2,3,5,"2023-11-27"
"1238",550,"9","A2",0,0,0,0,0,0,0,2,3,3,"2023-11-27"
"1239",550,"9","A3",0,0,0,0,3,2,0,1,0,3,"2023-11-27"
"1240",550,"9","A4",0,0,0,0,0,1,2,0,2,3,"2023-11-27"
"1241",550,"13","A1",0,0,0,0,0,0,0,2,1,2,"2023-11-27"
"1242",550,"13","A2",0,0,0,0,0,0,0,0,0,2,"2023-11-27"
"1243",550,"13","A3",0,0,0,0,1,3,0,0,0,3,"2023-11-27"
"1244",550,"9","A4",0,1,0,0,0,1,2,2,0,3,"2023-11-27"
"1245",551,"0","A1",0,0,0,0,0,1,0,0,0,1,"2023-11-27"
"1246",551,"0","A2",0,0,0,0,0,3,0,0,0,5,"2023-11-27"
"1247",551,"0","A3",0,0,0,0,3,0,1,5,0,3,"2023-11-27"
"1248",551,"0","A4",0,0,0,0,3,0,1,3,0,4,"2023-11-27"
"1249",551,"0","A5",5,0,0,0,1,5,0,0,0,3,"2023-11-27"
"1250",551,"13","A6",5,5,0,0,0,0,0,0,0,2,"2023-11-27"
"1251",552,"9","A1",0,0,0,0,3,0,0,0,6,1,"2023-11-27"
"1252",553,"15","a",0,0,0,0,0,1,0,1,1,0,"2023-11-27"
"1253",553,"19","A1",0,0,0,0,0,2,0,1,2,6,"2023-11-27"
"1254",553,"19","A2",0,0,0,0,0,0,0,7,0,3,"2023-11-27"
"1255",553,"19","A3",1,1,3,4,4,4,0,1,0,9,"2023-11-27"
"1256",553,"19","A4",7,0,0,0,2,0,0,0,0,7,"2023-11-27"
"1257",554,"9","a",0,0,0,0,0,0,0,3,5,0,"2023-11-27"
"1258",555,"9","a",0,0,0,0,0,1,0,2,2,0,"2023-11-27"
"1259",555,"13","a",0,0,0,0,0,0,0,3,2,0,"2023-11-27"
"1260",556,"9","a",0,0,0,0,0,0,0,0,2,0,"2023-11-27"
"1261",556,"12","A1",0,0,0,0,0,0,1,4,2,1,"2023-11-27"
"1262",557,"1","A1",0,0,0,0,0,1,0,4,1,6,"2023-11-27"
"1263",557,"1","A2",0,0,0,0,0,2,0,2,0,3,"2023-11-27"
"1264",557,"14","a",0,0,0,0,0,0,0,2,2,0,"2023-11-27"
"1265",558,"1","a",0,0,0,0,0,0,0,2,5,0,"2023-11-27"
"1266",559,"0","0",0,0,0,0,0,0,0,0,0,0,"2023-11-27"
"1267",560,"1","A1",0,0,0,0,0,0,0,5,3,3,"2023-11-27"
"1268",560,"1","A2",0,0,0,0,1,0,0,5,0,2,"2023-11-27"
"1269",560,"1","A3",0,0,0,0,5,1,0,0,0,3,"2023-11-27"
"1270",560,"1","A4",5,0,0,0,0,0,0,0,0,2,"2023-11-27"
"1271",561,"12","A1",0,0,0,0,0,0,0,2,3,1,"2023-11-27"
"1272",561,"12","A2",4,3,0,0,0,0,2,0,0,0,"2023-11-27"
"1273",562,"13","A1",0,0,0,0,0,2,0,0,0,0,"2023-11-27"
"1274",562,"13","A2",0,1,0,0,5,3,0,0,0,3,"2023-11-27"
"1275",562,"13","A3",4,6,0,0,1,0,0,0,0,3,"2023-11-27"
"1276",563,"9","a",0,0,0,0,0,0,0,4,1,0,"2023-11-27"
"1277",564,"11","A1",0,0,0,0,0,5,0,0,0,1,"2023-11-27"
"1278",564,"11","A2",0,0,0,0,1,0,0,3,0,4,"2023-11-27"
"1279",564,"11","A3",0,0,0,0,3,0,0,0,0,3,"2023-11-27"
"1280",564,"11","A4",0,0,0,0,2,1,0,0,0,3,"2023-11-27"
"1281",564,"11","A5",2,0,1,0,0,0,0,0,0,2,"2023-11-27"
"1282",565,"1","a",0,0,0,0,0,0,0,4,3,0,"2023-11-27"
"1283",566,"1","a",0,0,0,0,2,2,0,3,0,0,"2023-11-27"
"1284",566,"13","a",0,0,0,0,6,1,0,0,0,0,"2023-11-27"
"1285",566,"16","a",0,0,0,0,0,0,0,3,0,0,"2023-11-27"
"1286",566,"2","a",0,0,0,0,0,0,0,0,0,0,"2023-11-27"
"1287",566,"22","a",0,0,0,0,0,0,0,0,0,0,"2023-11-27"
"1288",567,"9","a",0,0,0,0,2,0,3,2,0,0,"2023-11-27"
"1289",567,"13","a",0,0,0,1,0,2,1,4,0,0,"2023-11-27"
"1290",567,"17","a",0,0,0,0,5,0,1,1,0,0,"2023-11-27"
"1291",567,"21","a",2,1,2,0,0,0,0,0,0,0,"2023-11-27"
"1292",568,"1","a",0,1,0,0,0,1,1,0,0,0,"2023-11-27"
"1293",568,"13","a",0,0,0,0,2,0,0,5,0,0,"2023-11-27"
"1294",568,"16","a",0,0,0,0,3,1,0,3,0,0,"2023-11-27"
"1295",568,"22","a",10,0,0,0,3,1,0,7,0,0,"2023-11-27"
"1296",569,"9","a",0,0,0,1,3,0,0,4,0,0,"2023-11-27"
"1297",569,"11","A",0,0,1,1,2,3,1,2,0,0,"2023-11-27"
"1298",569,"14","a",0,0,0,0,0,0,0,0,0,0,"2023-11-27"
"1299",569,"18","a",0,0,0,0,0,0,0,0,0,0,"2023-11-27"
"1300",570,"9","a",0,0,0,0,3,3,2,3,0,0,"2023-11-27"
"1301",570,"12","A1",0,0,0,1,4,4,0,3,0,0,"2023-11-27"
"1302",570,"12","A2",0,0,1,1,2,2,0,3,0,0,"2023-11-27"
"1303",570,"12","A3",0,0,0,0,0,0,0,0,0,0,"2023-11-27"
"1304",570,"15","A",0,0,0,3,0,0,2,2,0,0,"2023-11-27"
"1305",571,"12","A",0,0,0,0,1,1,2,3,0,0,"2023-11-27"
"1306",571,"15","a",0,0,0,0,0,0,3,4,0,0,"2023-11-27"
"1307",571,"18","a",3,0,1,5,0,0,5,0,0,0,"2023-11-27"
"1308",572,"1","A",0,0,0,0,0,0,0,4,0,0,"2023-11-27"
"1309",572,"13","a",0,0,0,1,3,3,0,4,0,0,"2023-11-27"
"1310",572,"16","A1",0,0,0,0,0,2,3,2,0,0,"2023-11-27"
"1311",572,"16","A2",0,0,1,1,2,2,1,1,0,0,"2023-11-27"
"1312",572,"19","a",0,0,0,1,4,4,0,0,0,0,"2023-11-27"
"1313",572,"22","a",3,0,3,0,0,0,0,0,0,0,"2023-11-27"
"1314",573,"1","a",0,1,0,0,1,1,0,4,0,0,"2023-11-27"
"1315",573,"13","a",0,0,0,0,4,0,1,6,0,0,"2023-11-27"
"1316",574,"1","a",0,0,0,0,2,0,0,3,0,0,"2023-11-27"
"1317",574,"12","a",0,0,0,1,2,1,1,5,0,0,"2023-11-27"
"1318",574,"15","a",0,0,0,1,5,2,1,2,0,0,"2023-11-27"
"1319",575,"1","a",0,0,0,0,1,0,0,6,0,0,"2023-11-27"
"1320",575,"13","a",0,0,0,0,5,1,0,6,0,0,"2023-11-27"
"1321",575,"17","a",0,0,1,1,4,2,0,2,0,0,"2023-11-27"
"1322",575,"2","a",0,1,3,10,0,0,0,0,0,0,"2023-11-27"
"1323",576,"8","a",0,0,0,0,1,1,0,5,0,0,"2023-11-27"
"1324",576,"12","a",0,0,0,1,1,0,2,4,0,0,"2023-11-27"
"1325",577,"9","A",0,0,0,0,1,1,1,5,0,3,"2023-11-27"
"1326",577,"12","a",0,0,0,0,4,0,0,5,0,0,"2023-11-27"
"1327",578,"8","0",0,0,1,0,6,0,0,8,0,0,"2023-11-27"
"1328",578,"11","a",0,0,0,0,3,0,2,4,0,0,"2023-11-27"
"1329",578,"15","a",0,0,0,0,3,0,3,0,0,0,"2023-11-27"
"1330",579,"9","a",0,0,0,0,1,0,0,7,0,0,"2023-11-27"
"1331",579,"12","a",0,0,0,0,5,0,0,5,0,0,"2023-11-27"
"1332",579,"15","a",0,0,0,0,0,5,0,0,0,0,"2023-11-27"
"1333",580,"9","a",0,0,0,0,3,0,0,1,0,0,"2023-11-27"
"1334",580,"12","a",2,0,1,1,8,0,0,7,0,0,"2023-11-27"
"1335",581,"9","0",1,7,0,0,1,0,0,0,0,0,"2023-11-27"
"1336",581,"12","A1",2,0,1,1,1,2,0,4,0,0,"2023-11-27"
"1337",581,"12","A1",0,0,0,0,6,0,0,2,0,0,"2023-11-27"
"1338",581,"16","a",0,0,0,0,4,0,1,4,0,0,"2023-11-27"
"1339",582,"9","a",0,0,0,0,2,0,0,4,0,0,"2023-11-27"
"1340",582,"12","A",0,0,0,0,8,0,0,5,0,1,"2023-11-27"
"1341",582,"16","a",0,0,0,2,3,1,1,1,0,0,"2023-11-27"
"1342",583,"9","A",0,0,0,1,0,1,0,6,0,1,"2023-11-27"
"1343",583,"12","a",0,0,0,0,0,0,0,2,0,0,"2023-11-27"
"1344",583,"14","a",0,1,0,0,10,0,3,6,0,0,"2023-11-27"
"1345",583,"17","a",0,0,0,1,4,1,2,1,0,0,"2023-11-27"
"1346",584,"8","A",0,0,0,0,4,0,0,9,0,2,"2023-11-27"
"1347",584,"11","A",1,1,0,0,6,0,0,4,0,2,"2023-11-27"
"1348",585,"9","a",0,0,0,0,0,0,1,6,0,0,"2023-11-27"
"1349",585,"12","a",7,5,2,0,0,0,0,3,0,0,"2023-11-27"
"1350",585,"16","a",0,0,0,1,4,0,5,6,0,0,"2023-11-27"
"1351",586,"8","a",2,0,0,1,4,0,0,2,0,0,"2023-11-27"
"1352",586,"11","a",0,0,0,1,5,1,1,0,0,0,"2023-11-27"
"1353",586,"15","a",0,1,2,2,5,0,0,0,0,0,"2023-11-27"
"1354",586,"18","a",5,4,3,0,0,0,0,0,0,0,"2023-11-27"
"1355",586,"21","a",6,1,0,0,0,0,0,0,0,0,"2023-11-27"
"1356",586,"21","S1",0,0,0,0,0,0,0,0,0,6,"2023-11-27"
"1357",586,"21","S2",0,0,0,0,0,0,0,0,0,5,"2023-11-27"
"1358",586,"5","S3",1,1,3,1,0,0,0,0,0,9,"2023-11-27"
"1359",586,"8","0",5,0,0,0,0,0,0,0,0,0,"2023-11-27"
"1360",586,"8","S4",0,0,0,0,0,0,0,0,0,2,"2023-11-27"
"1361",586,"2","S5",2,2,2,1,0,0,0,0,0,6,"2023-11-27"
"1362",586,"4","0",6,0,0,0,0,0,0,0,0,0,"2023-11-27"
"1363",587,"8","a",0,0,0,4,0,0,0,3,0,0,"2023-11-27"
"1364",587,"12","a",0,0,1,3,6,0,1,0,0,0,"2023-11-27"
"1365",587,"14","a",0,0,1,3,4,0,1,0,0,0,"2023-11-27"
"1366",587,"17","a",0,3,3,2,0,0,0,0,0,0,"2023-11-27"
"1367",587,"2","a",13,6,0,0,0,0,0,0,0,0,"2023-11-27"
"1368",587,"8","S1",0,0,0,0,0,0,0,0,0,2,"2023-11-27"
"1369",587,"4","S2",4,0,0,0,0,0,0,0,0,0,"2023-11-27"
"1370",587,"4","S3",4,4,0,0,0,0,0,0,0,7,"2023-11-27"
"1371",587,"5","S4",1,1,3,2,0,0,0,0,0,10,"2023-11-27"
"1372",587,"4","S5",5,2,0,0,0,0,0,0,0,6,"2023-11-27"
"1373",587,"4","S6",0,0,0,0,0,0,0,0,0,4,"2023-11-27"
"1374",588,"1","a",0,0,0,0,4,0,0,3,0,0,"2023-11-27"
"1375",588,"14","a",0,0,0,4,6,0,0,0,0,0,"2023-11-27"
"1376",588,"18","a",0,0,2,2,2,0,1,0,0,0,"2023-11-27"
"1377",588,"2","a",3,3,4,2,0,0,0,0,0,0,"2023-11-27"
"1378",588,"22","a",8,3,0,0,0,0,0,0,0,0,"2023-11-27"
"1379",588,"6","S1",0,2,4,3,0,0,0,0,0,12,"2023-11-27"
"1380",588,"9","S2",7,0,0,0,0,0,0,0,0,2,"2023-11-27"
"1381",588,"9","S3",0,0,0,0,0,0,0,0,0,3,"2023-11-27"
"1382",588,"9","S4",5,0,0,0,0,0,0,0,0,6,"2023-11-27"
"1383",588,"4","S5",0,2,2,2,0,0,0,0,0,7,"2023-11-27"
"1384",588,"5","S6",0,0,0,0,0,0,0,0,0,3,"2023-11-27"
"1385",588,"4","S7",4,1,0,0,0,0,0,0,0,6,"2023-11-27"
"1386",588,"4","S8",0,0,0,0,0,0,0,0,0,2,"2023-11-27"
"1387",589,"8","a",0,0,0,0,0,3,0,3,0,0,"2023-11-27"
"1388",589,"13","a",0,0,0,2,4,0,3,0,0,0,"2023-11-27"
"1389",589,"16","a",0,0,1,2,4,0,1,0,0,0,"2023-11-27"
"1390",589,"2","a",5,3,5,1,0,0,0,0,0,0,"2023-11-27"
"1391",589,"23","a",8,0,0,0,0,0,0,0,0,0,"2023-11-27"
"1392",589,"8","S1",5,2,0,0,0,0,0,0,0,11,"2023-11-27"
"1393",589,"8","S2",0,0,0,0,0,0,0,0,0,5,"2023-11-27"
"1394",589,"8","S3",0,0,0,0,0,0,0,0,0,2,"2023-11-27"
"1395",589,"8","S4",0,0,0,0,0,0,0,0,0,4,"2023-11-27"
"1396",589,"8","S5",0,0,0,0,0,0,0,0,0,4,"2023-11-27"
"1397",589,"5","S6",4,0,0,0,0,0,0,0,0,7,"2023-11-27"
"1398",589,"5","S7",0,3,4,3,0,0,0,0,0,9,"2023-11-27"
"1399",589,"8","0",5,1,0,0,0,0,0,0,0,5,"2023-11-27"
"1400",590,"9","a",0,0,0,0,3,1,0,3,0,0,"2023-11-27"
"1401",590,"12","a",0,0,0,2,4,2,1,0,0,0,"2023-11-27"
"1402",590,"16","a",0,1,2,2,4,0,0,0,0,0,"2023-11-27"
"1403",590,"18","a",6,0,0,0,0,0,0,0,0,0,"2023-11-27"
"1404",590,"2","A",8,3,0,0,0,0,0,0,0,10,"2023-11-27"
"1405",590,"6","S1",0,2,5,3,0,0,0,0,0,0,"2023-11-27"
"1406",590,"9","0",9,0,0,0,0,0,0,0,0,0,"2023-11-27"
"1407",590,"9","S2",0,0,0,0,0,0,0,0,0,2,"2023-11-27"
"1408",590,"5","S3",4,0,0,0,0,0,0,0,0,6,"2023-11-27"
"1409",590,"5","S4",0,1,2,2,0,0,0,0,0,8,"2023-11-27"
"1410",590,"5","S5",0,0,0,0,0,0,0,0,0,4,"2023-11-27"
"1411",590,"4","S6",4,2,0,0,0,0,0,0,0,6,"2023-11-27"
"1412",590,"4","S7",0,0,0,0,0,0,0,0,0,2,"2023-11-27"
"1413",591,"9","a",0,0,0,1,3,2,0,3,0,0,"2023-11-27"
"1414",591,"13","a",0,0,0,3,2,1,1,4,0,0,"2023-11-27"
"1415",591,"16","a",0,0,2,4,3,0,0,0,0,0,"2023-11-27"
"1416",591,"19","a",1,2,3,3,0,0,0,0,0,0,"2023-11-27"
"1417",591,"23","a",8,0,0,0,0,0,0,0,0,0,"2023-11-27"
"1418",591,"0","S1",0,0,0,0,0,0,0,0,0,4,"2023-11-27"
"1419",591,"0","S2",0,0,0,0,0,0,0,0,0,2,"2023-11-27"
"1420",591,"8","S3",6,0,0,0,0,0,0,0,0,10,"2023-11-27"
"1421",591,"8","S4",0,0,0,0,0,0,0,0,0,4,"2023-11-27"
"1422",591,"8","S5",0,0,0,0,0,0,0,0,0,3,"2023-11-27"
"1423",591,"5","S6",3,0,3,1,0,0,0,0,0,10,"2023-11-27"
"1424",591,"8","0",5,0,0,0,0,0,0,0,0,5,"2023-11-27"
"1425",591,"8","S7",0,0,0,0,0,0,0,0,0,3,"2023-11-27"
"1426",592,"9","a",0,0,0,0,0,0,2,0,0,0,"2023-11-27"
"1427",592,"12","a",0,0,1,3,10,3,0,0,0,0,"2023-11-27"
"1428",592,"16","a",0,0,0,4,6,0,0,0,0,0,"2023-11-27"
"1429",592,"18","a",1,0,3,1,3,0,0,0,0,0,"2023-11-27"
"1430",592,"2","a",8,0,4,0,0,0,0,0,0,0,"2023-11-27"
"1431",592,"21","a",4,2,0,0,0,0,0,0,0,0,"2023-11-27"
"1432",592,"21","S1",0,0,0,0,0,0,0,0,0,8,"2023-11-27"
"1433",592,"21","S2",0,0,0,0,0,0,0,0,0,2,"2023-11-27"
"1434",592,"5","S3",4,2,0,0,0,0,0,0,0,9,"2023-11-27"
"1435",592,"6","0",4,0,0,0,0,0,0,0,0,0,"2023-11-27"
"1436",592,"6","S4",0,0,0,0,0,0,0,0,0,2,"2023-11-27"
"1437",592,"5","S5",5,0,0,0,0,0,0,0,0,6,"2023-11-27"
"1438",592,"4","S6",3,0,1,1,0,0,0,0,0,12,"2023-11-27"
"1439",592,"7","S7",7,3,0,0,0,0,0,0,0,0,"2023-11-27"
"1440",592,"7","S8",0,0,0,0,0,0,0,0,0,5,"2023-11-27"
"1441",593,"9","A",0,4,0,0,5,0,0,0,0,1,"2023-11-27"
"1442",593,"12","a",0,0,0,1,9,0,0,0,0,0,"2023-11-27"
"1443",593,"16","a",0,0,1,7,5,0,0,0,0,0,"2023-11-27"
"1444",593,"18","a",1,1,2,2,2,0,0,0,0,0,"2023-11-27"
"1445",593,"22","a",5,1,0,0,0,0,0,0,0,0,"2023-11-27"
"1446",593,"8","S1",7,0,0,0,0,0,0,0,0,10,"2023-11-27"
"1447",593,"7","S2",5,0,0,0,0,0,0,0,0,8,"2023-11-27"
"1448",593,"6","S3",4,0,0,0,0,0,0,0,0,7,"2023-11-27"
"1449",593,"5","S4",4,2,3,3,0,0,0,0,0,9,"2023-11-27"
"1450",593,"8","0",4,0,0,0,0,0,0,0,0,0,"2023-11-27"
"1451",593,"5","S5",4,0,0,0,0,0,0,0,0,6,"2023-11-27"
"1452",593,"5","S6",0,0,0,0,0,0,0,0,0,3,"2023-11-27"
"1453",594,"8","a",0,0,0,1,5,0,2,0,0,0,"2023-11-27"
"1454",594,"12","a",0,0,0,3,5,0,0,0,0,0,"2023-11-27"
"1455",594,"15","a",0,0,0,4,5,0,0,0,0,0,"2023-11-27"
"1456",594,"18","a",0,0,6,7,6,0,0,0,0,0,"2023-11-27"
"1457",594,"21","a",0,4,4,4,3,0,0,0,0,0,"2023-11-27"
"1458",594,"22","a",7,2,0,0,0,0,0,0,0,0,"2023-11-27"
"1459",594,"22","S1",0,0,0,0,0,0,0,0,0,5,"2023-11-27"
"1460",594,"4","S2",4,0,0,0,0,0,0,0,0,5,"2023-11-27"
"1461",594,"5","S3",2,2,1,2,1,0,0,0,0,10,"2023-11-27"
"1462",594,"9","S4",7,0,0,0,0,0,0,0,0,6,"2023-11-27"
"1463",594,"9","S5",2,0,2,0,0,0,0,0,0,2,"2023-11-27"
"1464",595,"8","a",0,0,2,6,0,0,0,0,0,0,"2023-11-27"
"1465",595,"11","a",0,1,4,3,0,0,0,0,0,0,"2023-11-27"
"1466",595,"15","a",4,4,0,0,0,0,0,0,0,0,"2023-11-27"
"1467",596,"8","a",0,0,2,3,2,1,0,0,0,0,"2023-11-27"
"1468",596,"11","a",4,5,0,0,0,0,0,0,0,0,"2023-11-27"
"1469",597,"7","a",0,0,1,3,4,0,0,0,0,0,"2023-11-27"
"1470",597,"1","a",0,2,3,3,0,0,0,0,0,0,"2023-11-27"
"1471",597,"14","a",6,6,0,0,0,0,0,0,0,0,"2023-11-27"
"1472",598,"7","a",0,0,1,3,3,0,0,0,0,0,"2023-11-27"
"1473",598,"1","a",0,1,5,2,0,0,0,0,0,0,"2023-11-27"
"1474",598,"13","a",4,6,0,0,0,0,0,0,0,0,"2023-11-27"
"1475",598,"16","a",6,0,0,0,0,0,0,0,0,0,"2023-11-27"
"1476",599,"8","a",0,0,2,3,0,2,0,0,0,0,"2023-11-27"
"1477",599,"1","a",0,4,3,1,0,0,0,0,0,0,"2023-11-27"
"1478",599,"14","a",5,3,0,0,0,0,0,0,0,0,"2023-11-27"
"1479",600,"8","a",0,0,0,4,3,1,0,0,0,0,"2023-11-27"
"1480",600,"11","a",1,0,2,1,0,0,0,0,0,0,"2023-11-27"
"1481",600,"15","a",7,0,0,0,0,0,0,0,0,0,"2023-11-27"
"1482",601,"8","a",0,0,1,4,3,0,0,0,0,0,"2023-11-27"
"1483",601,"11","a",2,2,4,1,0,0,0,0,0,0,"2023-11-27"
"1484",601,"13","a",4,3,0,0,0,0,0,0,0,0,"2023-11-27"
"1485",602,"8","a",0,0,2,3,2,0,0,0,0,0,"2023-11-27"
"1486",602,"11","a",0,2,4,3,0,0,0,0,0,0,"2023-11-27"
"1487",602,"14","a",7,5,0,0,0,0,0,0,0,0,"2023-11-27"
"1488",603,"8","a",0,1,2,2,3,0,0,0,0,0,"2023-11-27"
"1489",603,"11","a",0,4,6,0,0,0,0,0,0,0,"2023-11-27"
"1490",603,"14","a",4,4,0,0,0,0,0,0,0,0,"2023-11-27"
"1491",604,"8","a",0,0,2,3,3,0,0,0,0,0,"2023-11-27"
"1492",604,"11","a",0,0,5,4,2,0,0,0,0,0,"2023-11-27"
"1493",604,"13","a",9,4,2,0,0,0,0,0,0,0,"2023-11-27"
"1494",604,"15","a",4,2,0,0,0,0,0,0,0,0,"2023-11-27"
"1495",605,"7","a",0,0,0,3,4,0,0,0,0,0,"2023-11-27"
"1496",605,"1","a",1,2,6,3,0,0,0,0,0,0,"2023-11-27"
"1497",605,"14","a",3,4,0,0,0,0,0,0,0,0,"2023-11-27"
"1498",606,"8","a",0,0,2,3,3,0,0,0,0,0,"2023-11-27"
"1499",606,"1","a",0,1,4,1,0,0,0,0,0,0,"2023-11-27"
"1500",606,"13","a",2,4,1,0,0,0,0,0,0,0,"2023-11-27"
"1501",606,"16","a",6,0,0,0,0,0,0,0,0,0,"2023-11-27"
"1502",607,"7","a",0,0,1,4,3,0,0,0,0,0,"2023-11-27"
"1503",607,"1","a",0,1,4,3,0,0,0,0,0,0,"2023-11-27"
"1504",607,"14","a",2,4,0,0,0,0,0,0,0,0,"2023-11-27"
"1505",608,"8","a",0,1,1,1,4,0,0,0,0,0,"2023-11-27"
"1506",608,"11","a",0,5,6,3,0,0,0,0,0,0,"2023-11-27"
"1507",608,"14","a",4,1,1,0,0,0,0,0,0,0,"2023-11-27"
"1508",608,"16","a",6,0,0,0,0,0,0,0,0,0,"2023-11-27"
"1509",609,"8","a",0,0,1,3,3,0,0,0,0,0,"2023-11-27"
"1510",609,"11","a",0,1,6,2,0,0,0,0,0,0,"2023-11-27"
"1511",609,"15","a",4,4,0,0,0,0,0,0,0,0,"2023-11-27"
"1512",609,"17","a",4,0,0,0,0,0,0,0,0,0,"2023-11-27"
"1513",610,"8","a",0,0,2,2,2,0,0,0,0,0,"2023-11-27"
"1514",610,"12","a",0,3,5,0,0,0,0,0,0,0,"2023-11-27"
"1515",610,"15","a",5,3,0,0,0,0,0,0,0,0,"2023-11-27"
"1516",611,"8","a",0,0,2,3,2,0,0,0,0,0,"2023-11-27"
"1517",611,"11","a",0,3,0,1,0,0,0,0,0,0,"2023-11-27"
"1518",611,"16","a",4,4,4,1,0,0,0,0,0,0,"2023-11-27"
"1519",612,"8","a",0,0,2,3,2,0,0,0,0,0,"2023-11-27"
"1520",612,"11","a",0,3,4,0,0,0,0,0,0,0,"2023-11-27"
"1521",612,"15","a",0,3,0,0,0,0,0,0,0,0,"2023-11-27"
"1522",613,"8","a",0,1,3,4,0,0,0,0,0,0,"2023-11-27"
"1523",613,"11","a",1,3,5,0,0,0,0,0,0,0,"2023-11-27"
"1524",613,"15","a",5,4,0,0,0,0,0,0,0,0,"2023-11-27"
"1525",614,"9","a",1,0,1,6,0,0,0,0,0,0,"2023-11-27"
"1526",614,"12","a",1,3,5,0,0,0,0,0,0,0,"2023-11-27"
"1527",614,"15","a",7,4,0,0,0,0,0,0,0,0,"2023-11-27"
"1770",683,"20","a",4,0,0,0,0,0,0,0,0,0,"2023-12-07"
"1771",684,"8","a",0,0,0,3,0,3,0,1,0,0,"2023-12-07"
"1772",684,"11","a",1,0,2,7,1,1,0,1,0,0,"2023-12-07"
"1773",684,"13","a",0,3,4,6,2,0,0,0,0,0,"2023-12-07"
"1774",684,"15","a",3,2,0,0,0,0,0,0,0,0,"2023-12-07"
"1775",684,"17","a",5,0,0,0,0,0,0,0,0,0,"2023-12-07"
"1776",685,"7","a",0,0,0,0,5,0,0,2,0,0,"2023-12-07"
"1777",685,"10","a",0,0,2,6,0,2,0,1,0,0,"2023-12-07"
"1778",685,"14","a",1,3,4,0,0,0,0,0,0,0,"2023-12-07"
"1779",685,"16","a",7,3,4,0,0,0,0,0,0,0,"2023-12-07"
"1780",685,"18","a",5,0,0,0,0,0,0,0,0,0,"2023-12-07"
"1781",686,"8","a",0,0,0,1,3,1,0,1,0,0,"2023-12-07"
"1782",686,"10","a",0,0,0,3,4,0,0,1,0,0,"2023-12-07"
"1783",686,"13","a",0,0,3,3,2,0,0,0,0,0,"2023-12-07"
"1784",686,"16","a",5,3,0,0,0,0,0,0,0,0,"2023-12-07"
"1785",687,"7","a",1,0,0,1,3,0,2,1,0,0,"2023-12-07"
"1786",687,"10","a",0,0,0,4,2,0,1,1,0,0,"2023-12-07"
"1787",687,"14","a",3,2,3,2,0,0,0,0,0,0,"2023-12-07"
"1788",687,"18","a",6,0,0,0,0,0,0,0,0,0,"2023-12-07"
"1789",688,"8","a",0,0,0,2,3,0,1,1,0,0,"2023-12-07"
"1790",688,"11","a",0,0,2,6,4,0,2,1,0,0,"2023-12-07"
"1791",688,"14","a",2,1,2,3,1,0,0,0,0,0,"2023-12-07"
"1792",688,"16","a",5,2,0,0,0,0,0,0,0,0,"2023-12-07"
"1793",689,"8","a",2,0,0,0,1,2,2,2,0,0,"2023-12-07"
"1794",689,"11","a",0,0,0,4,1,0,2,2,0,0,"2023-12-07"
"1795",689,"15","a",2,2,3,3,0,0,0,0,0,0,"2023-12-07"
"1796",689,"17","a",5,2,0,0,0,0,0,0,0,0,"2023-12-07"
"1797",690,"8","a",0,0,0,1,4,0,2,0,0,0,"2023-12-07"
"1798",690,"12","a",0,0,1,4,1,1,1,0,0,0,"2023-12-07"
"1799",690,"15","a",3,2,2,2,0,0,0,0,0,0,"2023-12-07"
"1800",690,"19","a",8,0,0,0,0,0,0,0,0,0,"2023-12-07"
"1801",691,"8","a",0,0,0,2,2,3,1,0,0,0,"2023-12-07"
"1802",691,"11","a",0,0,1,3,1,2,1,0,0,0,"2023-12-07"
"1803",691,"16","a",5,1,2,2,0,0,0,0,0,0,"2023-12-07"
"1804",691,"18","a",6,0,0,0,0,0,0,0,0,0,"2023-12-07"
"1805",692,"8","a",0,0,0,3,1,1,2,0,0,0,"2023-12-07"
"1806",692,"11","a",0,1,0,5,1,1,0,0,0,0,"2023-12-07"
"1807",692,"15","a",5,1,2,2,0,0,0,0,0,0,"2023-12-07"
"1808",692,"18","a",5,1,0,0,0,0,0,0,0,0,"2023-12-07"
"1809",693,"8","a",0,0,0,0,4,1,2,0,0,0,"2023-12-07"
"1810",693,"11","a",0,0,0,6,2,0,0,0,0,0,"2023-12-07"
"1811",693,"15","a",2,2,5,4,0,0,0,0,0,0,"2023-12-07"
"1812",693,"18","a",9,4,0,0,0,0,0,0,0,0,"2023-12-07"
"1813",694,"9","a",0,0,1,1,2,2,2,0,0,0,"2023-12-07"
"1814",694,"12","a",1,0,1,5,2,0,0,0,0,0,"2023-12-07"
"1815",694,"15","a",2,1,3,3,0,0,0,0,0,0,"2023-12-07"
"1816",694,"19","a",4,4,0,0,0,0,0,0,0,0,"2023-12-07"
